Datetime,100034981 (Weseler Straße),101034981 (Weseler Straße stadteinwärts),102034981 (Weseler Straße stadtauswärts),100034981-status,101034981-status,102034981-status
2022-10-01 00:00,14,3,11,0,0,0
2022-10-01 00:15,14,2,12,0,0,0
2022-10-01 00:30,7,4,3,0,0,0
2022-10-01 00:45,12,4,8,0,0,0
2022-10-01 01:00,15,4,11,0,0,0
2022-10-01 01:15,12,7,5,0,0,0
2022-10-01 01:30,14,6,8,0,0,0
2022-10-01 01:45,4,1,3,0,0,0
2022-10-01 02:00,12,0,12,0,0,0
2022-10-01 02:15,3,2,1,0,0,0
2022-10-01 02:30,9,3,6,0,0,0
2022-10-01 02:45,2,1,1,0,0,0
2022-10-01 03:00,2,1,1,0,0,0
2022-10-01 03:15,7,3,4,0,0,0
2022-10-01 03:30,5,1,4,0,0,0
2022-10-01 03:45,4,0,4,0,0,0
2022-10-01 04:00,3,1,2,0,0,0
2022-10-01 04:15,2,1,1,0,0,0
2022-10-01 04:30,1,0,1,0,0,0
2022-10-01 04:45,2,2,0,0,0,0
2022-10-01 05:00,3,1,2,0,0,0
2022-10-01 05:15,3,2,1,0,0,0
2022-10-01 05:30,7,3,4,0,0,0
2022-10-01 05:45,0,0,0,0,0,0
2022-10-01 06:00,4,3,1,0,0,0
2022-10-01 06:15,6,3,3,0,0,0
2022-10-01 06:30,6,4,2,0,0,0
2022-10-01 06:45,4,3,1,0,0,0
2022-10-01 07:00,2,1,1,0,0,0
2022-10-01 07:15,1,0,1,0,0,0
2022-10-01 07:30,3,3,0,0,0,0
2022-10-01 07:45,10,6,4,0,0,0
2022-10-01 08:00,9,4,5,0,0,0
2022-10-01 08:15,6,4,2,0,0,0
2022-10-01 08:30,14,12,2,0,0,0
2022-10-01 08:45,16,14,2,0,0,0
2022-10-01 09:00,7,6,1,0,0,0
2022-10-01 09:15,18,14,4,0,0,0
2022-10-01 09:30,16,11,5,0,0,0
2022-10-01 09:45,20,14,6,0,0,0
2022-10-01 10:00,16,11,5,0,0,0
2022-10-01 10:15,24,13,11,0,0,0
2022-10-01 10:30,22,16,6,0,0,0
2022-10-01 10:45,27,23,4,0,0,0
2022-10-01 11:00,26,20,6,0,0,0
2022-10-01 11:15,17,14,3,0,0,0
2022-10-01 11:30,22,17,5,0,0,0
2022-10-01 11:45,29,21,8,0,0,0
2022-10-01 12:00,27,18,9,0,0,0
2022-10-01 12:15,32,22,10,0,0,0
2022-10-01 12:30,30,22,8,0,0,0
2022-10-01 12:45,27,18,9,0,0,0
2022-10-01 13:00,19,12,7,0,0,0
2022-10-01 13:15,21,14,7,0,0,0
2022-10-01 13:30,26,19,7,0,0,0
2022-10-01 13:45,21,14,7,0,0,0
2022-10-01 14:00,30,18,12,0,0,0
2022-10-01 14:15,22,18,4,0,0,0
2022-10-01 14:30,15,8,7,0,0,0
2022-10-01 14:45,16,14,2,0,0,0
2022-10-01 15:00,19,16,3,0,0,0
2022-10-01 15:15,27,21,6,0,0,0
2022-10-01 15:30,20,11,9,0,0,0
2022-10-01 15:45,37,25,12,0,0,0
2022-10-01 16:00,16,10,6,0,0,0
2022-10-01 16:15,26,18,8,0,0,0
2022-10-01 16:30,32,23,9,0,0,0
2022-10-01 16:45,31,25,6,0,0,0
2022-10-01 17:00,23,18,5,0,0,0
2022-10-01 17:15,21,19,2,0,0,0
2022-10-01 17:30,12,5,7,0,0,0
2022-10-01 17:45,40,22,18,0,0,0
2022-10-01 18:00,28,19,9,0,0,0
2022-10-01 18:15,21,12,9,0,0,0
2022-10-01 18:30,29,16,13,0,0,0
2022-10-01 18:45,34,13,21,0,0,0
2022-10-01 19:00,26,13,13,0,0,0
2022-10-01 19:15,21,13,8,0,0,0
2022-10-01 19:30,24,14,10,0,0,0
2022-10-01 19:45,22,15,7,0,0,0
2022-10-01 20:00,31,14,17,0,0,0
2022-10-01 20:15,11,8,3,0,0,0
2022-10-01 20:30,34,12,22,0,0,0
2022-10-01 20:45,20,14,6,0,0,0
2022-10-01 21:00,9,7,2,0,0,0
2022-10-01 21:15,18,15,3,0,0,0
2022-10-01 21:30,19,16,3,0,0,0
2022-10-01 21:45,9,5,4,0,0,0
2022-10-01 22:00,16,11,5,0,0,0
2022-10-01 22:15,11,9,2,0,0,0
2022-10-01 22:30,6,2,4,0,0,0
2022-10-01 22:45,8,4,4,0,0,0
2022-10-01 23:00,18,10,8,0,0,0
2022-10-01 23:15,8,3,5,0,0,0
2022-10-01 23:30,9,7,2,0,0,0
2022-10-01 23:45,19,11,8,0,0,0
2022-10-02 00:00,10,7,3,0,0,0
2022-10-02 00:15,7,4,3,0,0,0
2022-10-02 00:30,4,3,1,0,0,0
2022-10-02 00:45,7,3,4,0,0,0
2022-10-02 01:00,10,1,9,0,0,0
2022-10-02 01:15,9,7,2,0,0,0
2022-10-02 01:30,6,3,3,0,0,0
2022-10-02 01:45,7,4,3,0,0,0
2022-10-02 02:00,6,2,4,0,0,0
2022-10-02 02:15,8,3,5,0,0,0
2022-10-02 02:30,13,8,5,0,0,0
2022-10-02 02:45,9,3,6,0,0,0
2022-10-02 03:00,8,4,4,0,0,0
2022-10-02 03:15,4,1,3,0,0,0
2022-10-02 03:30,0,0,0,0,0,0
2022-10-02 03:45,2,1,1,0,0,0
2022-10-02 04:00,1,1,0,0,0,0
2022-10-02 04:15,3,1,2,0,0,0
2022-10-02 04:30,4,2,2,0,0,0
2022-10-02 04:45,6,2,4,0,0,0
2022-10-02 05:00,1,1,0,0,0,0
2022-10-02 05:15,5,3,2,0,0,0
2022-10-02 05:30,5,4,1,0,0,0
2022-10-02 05:45,0,0,0,0,0,0
2022-10-02 06:00,0,0,0,0,0,0
2022-10-02 06:15,0,0,0,0,0,0
2022-10-02 06:30,2,2,0,0,0,0
2022-10-02 06:45,3,1,2,0,0,0
2022-10-02 07:00,0,0,0,0,0,0
2022-10-02 07:15,3,1,2,0,0,0
2022-10-02 07:30,4,4,0,0,0,0
2022-10-02 07:45,1,1,0,0,0,0
2022-10-02 08:00,6,3,3,0,0,0
2022-10-02 08:15,8,7,1,0,0,0
2022-10-02 08:30,9,9,0,0,0,0
2022-10-02 08:45,6,3,3,0,0,0
2022-10-02 09:00,14,8,6,0,0,0
2022-10-02 09:15,6,6,0,0,0,0
2022-10-02 09:30,12,8,4,0,0,0
2022-10-02 09:45,22,18,4,0,0,0
2022-10-02 10:00,13,10,3,0,0,0
2022-10-02 10:15,11,11,0,0,0,0
2022-10-02 10:30,12,11,1,0,0,0
2022-10-02 10:45,22,18,4,0,0,0
2022-10-02 11:00,29,24,5,0,0,0
2022-10-02 11:15,23,18,5,0,0,0
2022-10-02 11:30,24,10,14,0,0,0
2022-10-02 11:45,28,23,5,0,0,0
2022-10-02 12:00,23,17,6,0,0,0
2022-10-02 12:15,23,19,4,0,0,0
2022-10-02 12:30,14,9,5,0,0,0
2022-10-02 12:45,19,15,4,0,0,0
2022-10-02 13:00,13,7,6,0,0,0
2022-10-02 13:15,23,10,13,0,0,0
2022-10-02 13:30,24,15,9,0,0,0
2022-10-02 13:45,29,17,12,0,0,0
2022-10-02 14:00,21,15,6,0,0,0
2022-10-02 14:15,20,17,3,0,0,0
2022-10-02 14:30,28,20,8,0,0,0
2022-10-02 14:45,31,28,3,0,0,0
2022-10-02 15:00,19,13,6,0,0,0
2022-10-02 15:15,25,21,4,0,0,0
2022-10-02 15:30,35,29,6,0,0,0
2022-10-02 15:45,18,8,10,0,0,0
2022-10-02 16:00,21,14,7,0,0,0
2022-10-02 16:15,24,19,5,0,0,0
2022-10-02 16:30,34,21,13,0,0,0
2022-10-02 16:45,24,19,5,0,0,0
2022-10-02 17:00,37,23,14,0,0,0
2022-10-02 17:15,26,15,11,0,0,0
2022-10-02 17:30,17,16,1,0,0,0
2022-10-02 17:45,29,19,10,0,0,0
2022-10-02 18:00,28,22,6,0,0,0
2022-10-02 18:15,21,15,6,0,0,0
2022-10-02 18:30,24,17,7,0,0,0
2022-10-02 18:45,23,19,4,0,0,0
2022-10-02 19:00,27,17,10,0,0,0
2022-10-02 19:15,26,15,11,0,0,0
2022-10-02 19:30,26,15,11,0,0,0
2022-10-02 19:45,26,20,6,0,0,0
2022-10-02 20:00,17,11,6,0,0,0
2022-10-02 20:15,12,9,3,0,0,0
2022-10-02 20:30,16,9,7,0,0,0
2022-10-02 20:45,15,8,7,0,0,0
2022-10-02 21:00,19,10,9,0,0,0
2022-10-02 21:15,11,7,4,0,0,0
2022-10-02 21:30,7,4,3,0,0,0
2022-10-02 21:45,13,7,6,0,0,0
2022-10-02 22:00,17,10,7,0,0,0
2022-10-02 22:15,14,10,4,0,0,0
2022-10-02 22:30,15,11,4,0,0,0
2022-10-02 22:45,15,7,8,0,0,0
2022-10-02 23:00,17,12,5,0,0,0
2022-10-02 23:15,11,3,8,0,0,0
2022-10-02 23:30,10,0,10,0,0,0
2022-10-02 23:45,4,2,2,0,0,0
2022-10-03 00:00,4,3,1,0,0,0
2022-10-03 00:15,9,6,3,0,0,0
2022-10-03 00:30,6,2,4,0,0,0
2022-10-03 00:45,1,0,1,0,0,0
2022-10-03 01:00,5,2,3,0,0,0
2022-10-03 01:15,9,6,3,0,0,0
2022-10-03 01:30,8,5,3,0,0,0
2022-10-03 01:45,8,3,5,0,0,0
2022-10-03 02:00,11,6,5,0,0,0
2022-10-03 02:15,2,0,2,0,0,0
2022-10-03 02:30,4,1,3,0,0,0
2022-10-03 02:45,0,0,0,0,0,0
2022-10-03 03:00,3,2,1,0,0,0
2022-10-03 03:15,1,1,0,0,0,0
2022-10-03 03:30,8,3,5,0,0,0
2022-10-03 03:45,5,2,3,0,0,0
2022-10-03 04:00,2,1,1,0,0,0
2022-10-03 04:15,4,2,2,0,0,0
2022-10-03 04:30,4,3,1,0,0,0
2022-10-03 04:45,1,1,0,0,0,0
2022-10-03 05:00,1,0,1,0,0,0
2022-10-03 05:15,4,2,2,0,0,0
2022-10-03 05:30,0,0,0,0,0,0
2022-10-03 05:45,10,5,5,0,0,0
2022-10-03 06:00,3,2,1,0,0,0
2022-10-03 06:15,1,1,0,0,0,0
2022-10-03 06:30,1,0,1,0,0,0
2022-10-03 06:45,3,2,1,0,0,0
2022-10-03 07:00,2,0,2,0,0,0
2022-10-03 07:15,12,10,2,0,0,0
2022-10-03 07:30,14,12,2,0,0,0
2022-10-03 07:45,14,10,4,0,0,0
2022-10-03 08:00,20,15,5,0,0,0
2022-10-03 08:15,6,4,2,0,0,0
2022-10-03 08:30,15,9,6,0,0,0
2022-10-03 08:45,12,5,7,0,0,0
2022-10-03 09:00,15,7,8,0,0,0
2022-10-03 09:15,13,6,7,0,0,0
2022-10-03 09:30,23,20,3,0,0,0
2022-10-03 09:45,19,16,3,0,0,0
2022-10-03 10:00,29,22,7,0,0,0
2022-10-03 10:15,34,20,14,0,0,0
2022-10-03 10:30,37,27,10,0,0,0
2022-10-03 10:45,29,22,7,0,0,0
2022-10-03 11:00,31,25,6,0,0,0
2022-10-03 11:15,39,31,8,0,0,0
2022-10-03 11:30,35,21,14,0,0,0
2022-10-03 11:45,28,12,16,0,0,0
2022-10-03 12:00,37,21,16,0,0,0
2022-10-03 12:15,39,22,17,0,0,0
2022-10-03 12:30,47,33,14,0,0,0
2022-10-03 12:45,44,24,20,0,0,0
2022-10-03 13:00,41,20,21,0,0,0
2022-10-03 13:15,44,31,13,0,0,0
2022-10-03 13:30,44,31,13,0,0,0
2022-10-03 13:45,60,44,16,0,0,0
2022-10-03 14:00,43,34,9,0,0,0
2022-10-03 14:15,50,40,10,0,0,0
2022-10-03 14:30,41,27,14,0,0,0
2022-10-03 14:45,45,27,18,0,0,0
2022-10-03 15:00,54,38,16,0,0,0
2022-10-03 15:15,49,33,16,0,0,0
2022-10-03 15:30,67,46,21,0,0,0
2022-10-03 15:45,60,40,20,0,0,0
2022-10-03 16:00,50,26,24,0,0,0
2022-10-03 16:15,39,20,19,0,0,0
2022-10-03 16:30,38,24,14,0,0,0
2022-10-03 16:45,40,24,16,0,0,0
2022-10-03 17:00,34,15,19,0,0,0
2022-10-03 17:15,56,14,42,0,0,0
2022-10-03 17:30,55,15,40,0,0,0
2022-10-03 17:45,65,26,39,0,0,0
2022-10-03 18:00,41,23,18,0,0,0
2022-10-03 18:15,38,22,16,0,0,0
2022-10-03 18:30,39,28,11,0,0,0
2022-10-03 18:45,35,23,12,0,0,0
2022-10-03 19:00,42,26,16,0,0,0
2022-10-03 19:15,34,23,11,0,0,0
2022-10-03 19:30,20,10,10,0,0,0
2022-10-03 19:45,24,12,12,0,0,0
2022-10-03 20:00,24,8,16,0,0,0
2022-10-03 20:15,21,11,10,0,0,0
2022-10-03 20:30,15,8,7,0,0,0
2022-10-03 20:45,20,9,11,0,0,0
2022-10-03 21:00,15,6,9,0,0,0
2022-10-03 21:15,18,7,11,0,0,0
2022-10-03 21:30,11,4,7,0,0,0
2022-10-03 21:45,10,3,7,0,0,0
2022-10-03 22:00,16,9,7,0,0,0
2022-10-03 22:15,8,4,4,0,0,0
2022-10-03 22:30,11,8,3,0,0,0
2022-10-03 22:45,6,3,3,0,0,0
2022-10-03 23:00,11,6,5,0,0,0
2022-10-03 23:15,9,6,3,0,0,0
2022-10-03 23:30,15,8,7,0,0,0
2022-10-03 23:45,1,1,0,0,0,0
2022-10-04 00:00,7,3,4,0,0,0
2022-10-04 00:15,2,0,2,0,0,0
2022-10-04 00:30,4,2,2,0,0,0
2022-10-04 00:45,5,1,4,0,0,0
2022-10-04 01:00,3,0,3,0,0,0
2022-10-04 01:15,6,2,4,0,0,0
2022-10-04 01:30,1,0,1,0,0,0
2022-10-04 01:45,0,0,0,0,0,0
2022-10-04 02:00,10,3,7,0,0,0
2022-10-04 02:15,2,0,2,0,0,0
2022-10-04 02:30,3,0,3,0,0,0
2022-10-04 02:45,1,0,1,0,0,0
2022-10-04 03:00,3,0,3,0,0,0
2022-10-04 03:15,1,0,1,0,0,0
2022-10-04 03:30,0,0,0,0,0,0
2022-10-04 03:45,0,0,0,0,0,0
2022-10-04 04:00,3,1,2,0,0,0
2022-10-04 04:15,2,2,0,0,0,0
2022-10-04 04:30,4,2,2,0,0,0
2022-10-04 04:45,7,5,2,0,0,0
2022-10-04 05:00,1,1,0,0,0,0
2022-10-04 05:15,4,3,1,0,0,0
2022-10-04 05:30,10,4,6,0,0,0
2022-10-04 05:45,11,7,4,0,0,0
2022-10-04 06:00,9,7,2,0,0,0
2022-10-04 06:15,17,6,11,0,0,0
2022-10-04 06:30,26,14,12,0,0,0
2022-10-04 06:45,52,28,24,0,0,0
2022-10-04 07:00,46,24,22,0,0,0
2022-10-04 07:15,48,28,20,0,0,0
2022-10-04 07:30,80,28,52,0,0,0
2022-10-04 07:45,84,47,37,0,0,0
2022-10-04 08:00,78,38,40,0,0,0
2022-10-04 08:15,76,44,32,0,0,0
2022-10-04 08:30,73,45,28,0,0,0
2022-10-04 08:45,67,41,26,0,0,0
2022-10-04 09:00,32,23,9,0,0,0
2022-10-04 09:15,45,26,19,0,0,0
2022-10-04 09:30,73,51,22,0,0,0
2022-10-04 09:45,56,36,20,0,0,0
2022-10-04 10:00,30,24,6,0,0,0
2022-10-04 10:15,28,19,9,0,0,0
2022-10-04 10:30,57,40,17,0,0,0
2022-10-04 10:45,53,42,11,0,0,0
2022-10-04 11:00,30,18,12,0,0,0
2022-10-04 11:15,39,26,13,0,0,0
2022-10-04 11:30,39,24,15,0,0,0
2022-10-04 11:45,48,22,26,0,0,0
2022-10-04 12:00,54,38,16,0,0,0
2022-10-04 12:15,42,28,14,0,0,0
2022-10-04 12:30,49,23,26,0,0,0
2022-10-04 12:45,47,29,18,0,0,0
2022-10-04 13:00,46,34,12,0,0,0
2022-10-04 13:15,45,23,22,0,0,0
2022-10-04 13:30,45,30,15,0,0,0
2022-10-04 13:45,62,36,26,0,0,0
2022-10-04 14:00,52,37,15,0,0,0
2022-10-04 14:15,50,29,21,0,0,0
2022-10-04 14:30,49,23,26,0,0,0
2022-10-04 14:45,66,43,23,0,0,0
2022-10-04 15:00,52,30,22,0,0,0
2022-10-04 15:15,85,49,36,0,0,0
2022-10-04 15:30,63,42,21,0,0,0
2022-10-04 15:45,74,53,21,0,0,0
2022-10-04 16:00,93,59,34,0,0,0
2022-10-04 16:15,89,60,29,0,0,0
2022-10-04 16:30,78,45,33,0,0,0
2022-10-04 16:45,82,58,24,0,0,0
2022-10-04 17:00,69,44,25,0,0,0
2022-10-04 17:15,74,42,32,0,0,0
2022-10-04 17:30,92,68,24,0,0,0
2022-10-04 17:45,83,50,33,0,0,0
2022-10-04 18:00,74,43,31,0,0,0
2022-10-04 18:15,85,47,38,0,0,0
2022-10-04 18:30,50,31,19,0,0,0
2022-10-04 18:45,73,46,27,0,0,0
2022-10-04 19:00,53,35,18,0,0,0
2022-10-04 19:15,55,36,19,0,0,0
2022-10-04 19:30,48,26,22,0,0,0
2022-10-04 19:45,54,30,24,0,0,0
2022-10-04 20:00,49,19,30,0,0,0
2022-10-04 20:15,46,29,17,0,0,0
2022-10-04 20:30,40,19,21,0,0,0
2022-10-04 20:45,31,17,14,0,0,0
2022-10-04 21:00,31,10,21,0,0,0
2022-10-04 21:15,21,14,7,0,0,0
2022-10-04 21:30,30,18,12,0,0,0
2022-10-04 21:45,37,23,14,0,0,0
2022-10-04 22:00,35,20,15,0,0,0
2022-10-04 22:15,29,12,17,0,0,0
2022-10-04 22:30,18,12,6,0,0,0
2022-10-04 22:45,25,9,16,0,0,0
2022-10-04 23:00,22,16,6,0,0,0
2022-10-04 23:15,23,10,13,0,0,0
2022-10-04 23:30,20,7,13,0,0,0
2022-10-04 23:45,13,5,8,0,0,0
2022-10-05 00:00,10,4,6,0,0,0
2022-10-05 00:15,10,0,10,0,0,0
2022-10-05 00:30,5,0,5,0,0,0
2022-10-05 00:45,12,2,10,0,0,0
2022-10-05 01:00,2,0,2,0,0,0
2022-10-05 01:15,9,1,8,0,0,0
2022-10-05 01:30,7,1,6,0,0,0
2022-10-05 01:45,8,1,7,0,0,0
2022-10-05 02:00,13,2,11,0,0,0
2022-10-05 02:15,3,0,3,0,0,0
2022-10-05 02:30,3,0,3,0,0,0
2022-10-05 02:45,1,0,1,0,0,0
2022-10-05 03:00,8,2,6,0,0,0
2022-10-05 03:15,5,2,3,0,0,0
2022-10-05 03:30,2,0,2,0,0,0
2022-10-05 03:45,2,0,2,0,0,0
2022-10-05 04:00,5,2,3,0,0,0
2022-10-05 04:15,3,3,0,0,0,0
2022-10-05 04:30,0,0,0,0,0,0
2022-10-05 04:45,8,4,4,0,0,0
2022-10-05 05:00,0,0,0,0,0,0
2022-10-05 05:15,5,4,1,0,0,0
2022-10-05 05:30,12,5,7,0,0,0
2022-10-05 05:45,9,6,3,0,0,0
2022-10-05 06:00,9,7,2,0,0,0
2022-10-05 06:15,22,11,11,0,0,0
2022-10-05 06:30,26,13,13,0,0,0
2022-10-05 06:45,44,25,19,0,0,0
2022-10-05 07:00,42,19,23,0,0,0
2022-10-05 07:15,32,18,14,0,0,0
2022-10-05 07:30,87,46,41,0,0,0
2022-10-05 07:45,79,40,39,0,0,0
2022-10-05 08:00,82,41,41,0,0,0
2022-10-05 08:15,80,38,42,0,0,0
2022-10-05 08:30,57,35,22,0,0,0
2022-10-05 08:45,73,52,21,0,0,0
2022-10-05 09:00,51,31,20,0,0,0
2022-10-05 09:15,44,32,12,0,0,0
2022-10-05 09:30,58,42,16,0,0,0
2022-10-05 09:45,48,34,14,0,0,0
2022-10-05 10:00,52,36,16,0,0,0
2022-10-05 10:15,38,24,14,0,0,0
2022-10-05 10:30,38,25,13,0,0,0
2022-10-05 10:45,39,25,14,0,0,0
2022-10-05 11:00,38,27,11,0,0,0
2022-10-05 11:15,38,35,3,0,0,0
2022-10-05 11:30,44,30,14,0,0,0
2022-10-05 11:45,50,38,12,0,0,0
2022-10-05 12:00,60,39,21,0,0,0
2022-10-05 12:15,55,36,19,0,0,0
2022-10-05 12:30,40,25,15,0,0,0
2022-10-05 12:45,52,37,15,0,0,0
2022-10-05 13:00,51,34,17,0,0,0
2022-10-05 13:15,58,29,29,0,0,0
2022-10-05 13:30,73,48,25,0,0,0
2022-10-05 13:45,69,39,30,0,0,0
2022-10-05 14:00,60,37,23,0,0,0
2022-10-05 14:15,55,39,16,0,0,0
2022-10-05 14:30,61,39,22,0,0,0
2022-10-05 14:45,59,37,22,0,0,0
2022-10-05 15:00,59,40,19,0,0,0
2022-10-05 15:15,64,40,24,0,0,0
2022-10-05 15:30,63,33,30,0,0,0
2022-10-05 15:45,68,43,25,0,0,0
2022-10-05 16:00,81,54,27,0,0,0
2022-10-05 16:15,88,58,30,0,0,0
2022-10-05 16:30,79,58,21,0,0,0
2022-10-05 16:45,79,51,28,0,0,0
2022-10-05 17:00,102,74,28,0,0,0
2022-10-05 17:15,106,73,33,0,0,0
2022-10-05 17:30,76,53,23,0,0,0
2022-10-05 17:45,91,67,24,0,0,0
2022-10-05 18:00,70,43,27,0,0,0
2022-10-05 18:15,64,40,24,0,0,0
2022-10-05 18:30,65,34,31,0,0,0
2022-10-05 18:45,98,58,40,0,0,0
2022-10-05 19:00,45,27,18,0,0,0
2022-10-05 19:15,67,35,32,0,0,0
2022-10-05 19:30,59,32,27,0,0,0
2022-10-05 19:45,57,34,23,0,0,0
2022-10-05 20:00,35,15,20,0,0,0
2022-10-05 20:15,47,25,22,0,0,0
2022-10-05 20:30,24,13,11,0,0,0
2022-10-05 20:45,34,19,15,0,0,0
2022-10-05 21:00,28,12,16,0,0,0
2022-10-05 21:15,39,27,12,0,0,0
2022-10-05 21:30,23,11,12,0,0,0
2022-10-05 21:45,32,15,17,0,0,0
2022-10-05 22:00,30,15,15,0,0,0
2022-10-05 22:15,37,15,22,0,0,0
2022-10-05 22:30,22,10,12,0,0,0
2022-10-05 22:45,18,2,16,0,0,0
2022-10-05 23:00,17,6,11,0,0,0
2022-10-05 23:15,21,15,6,0,0,0
2022-10-05 23:30,30,19,11,0,0,0
2022-10-05 23:45,21,9,12,0,0,0
2022-10-06 00:00,26,15,11,0,0,0
2022-10-06 00:15,14,7,7,0,0,0
2022-10-06 00:30,17,3,14,0,0,0
2022-10-06 00:45,12,3,9,0,0,0
2022-10-06 01:00,10,6,4,0,0,0
2022-10-06 01:15,16,4,12,0,0,0
2022-10-06 01:30,7,2,5,0,0,0
2022-10-06 01:45,15,2,13,0,0,0
2022-10-06 02:00,12,3,9,0,0,0
2022-10-06 02:15,6,3,3,0,0,0
2022-10-06 02:30,9,1,8,0,0,0
2022-10-06 02:45,7,2,5,0,0,0
2022-10-06 03:00,10,1,9,0,0,0
2022-10-06 03:15,7,2,5,0,0,0
2022-10-06 03:30,6,3,3,0,0,0
2022-10-06 03:45,3,0,3,0,0,0
2022-10-06 04:00,7,1,6,0,0,0
2022-10-06 04:15,9,4,5,0,0,0
2022-10-06 04:30,4,2,2,0,0,0
2022-10-06 04:45,9,4,5,0,0,0
2022-10-06 05:00,7,3,4,0,0,0
2022-10-06 05:15,3,2,1,0,0,0
2022-10-06 05:30,5,3,2,0,0,0
2022-10-06 05:45,18,10,8,0,0,0
2022-10-06 06:00,7,5,2,0,0,0
2022-10-06 06:15,15,10,5,0,0,0
2022-10-06 06:30,27,12,15,0,0,0
2022-10-06 06:45,38,18,20,0,0,0
2022-10-06 07:00,41,21,20,0,0,0
2022-10-06 07:15,59,36,23,0,0,0
2022-10-06 07:30,85,47,38,0,0,0
2022-10-06 07:45,81,38,43,0,0,0
2022-10-06 08:00,67,33,34,0,0,0
2022-10-06 08:15,53,29,24,0,0,0
2022-10-06 08:30,70,36,34,0,0,0
2022-10-06 08:45,54,39,15,0,0,0
2022-10-06 09:00,35,23,12,0,0,0
2022-10-06 09:15,35,23,12,0,0,0
2022-10-06 09:30,46,37,9,0,0,0
2022-10-06 09:45,48,34,14,0,0,0
2022-10-06 10:00,39,22,17,0,0,0
2022-10-06 10:15,40,23,17,0,0,0
2022-10-06 10:30,31,15,16,0,0,0
2022-10-06 10:45,55,39,16,0,0,0
2022-10-06 11:00,34,26,8,0,0,0
2022-10-06 11:15,34,23,11,0,0,0
2022-10-06 11:30,44,24,20,0,0,0
2022-10-06 11:45,60,37,23,0,0,0
2022-10-06 12:00,48,28,20,0,0,0
2022-10-06 12:15,33,20,13,0,0,0
2022-10-06 12:30,49,33,16,0,0,0
2022-10-06 12:45,46,32,14,0,0,0
2022-10-06 13:00,40,21,19,0,0,0
2022-10-06 13:15,50,30,20,0,0,0
2022-10-06 13:30,63,40,23,0,0,0
2022-10-06 13:45,51,30,21,0,0,0
2022-10-06 14:00,46,29,17,0,0,0
2022-10-06 14:15,43,22,21,0,0,0
2022-10-06 14:30,62,41,21,0,0,0
2022-10-06 14:45,70,41,29,0,0,0
2022-10-06 15:00,66,40,26,0,0,0
2022-10-06 15:15,74,51,23,0,0,0
2022-10-06 15:30,72,48,24,0,0,0
2022-10-06 15:45,67,45,22,0,0,0
2022-10-06 16:00,90,64,26,0,0,0
2022-10-06 16:15,84,49,35,0,0,0
2022-10-06 16:30,89,67,22,0,0,0
2022-10-06 16:45,95,64,31,0,0,0
2022-10-06 17:00,80,51,29,0,0,0
2022-10-06 17:15,94,71,23,0,0,0
2022-10-06 17:30,112,76,36,0,0,0
2022-10-06 17:45,67,39,28,0,0,0
2022-10-06 18:00,92,53,39,0,0,0
2022-10-06 18:15,59,37,22,0,0,0
2022-10-06 18:30,54,39,15,0,0,0
2022-10-06 18:45,62,41,21,0,0,0
2022-10-06 19:00,55,36,19,0,0,0
2022-10-06 19:15,66,40,26,0,0,0
2022-10-06 19:30,35,20,15,0,0,0
2022-10-06 19:45,58,38,20,0,0,0
2022-10-06 20:00,49,26,23,0,0,0
2022-10-06 20:15,33,26,7,0,0,0
2022-10-06 20:30,41,26,15,0,0,0
2022-10-06 20:45,25,13,12,0,0,0
2022-10-06 21:00,24,13,11,0,0,0
2022-10-06 21:15,28,19,9,0,0,0
2022-10-06 21:30,32,20,12,0,0,0
2022-10-06 21:45,16,10,6,0,0,0
2022-10-06 22:00,15,8,7,0,0,0
2022-10-06 22:15,14,7,7,0,0,0
2022-10-06 22:30,19,10,9,0,0,0
2022-10-06 22:45,18,10,8,0,0,0
2022-10-06 23:00,5,1,4,0,0,0
2022-10-06 23:15,15,5,10,0,0,0
2022-10-06 23:30,30,22,8,0,0,0
2022-10-06 23:45,17,8,9,0,0,0
2022-10-07 00:00,11,3,8,0,0,0
2022-10-07 00:15,10,4,6,0,0,0
2022-10-07 00:30,16,7,9,0,0,0
2022-10-07 00:45,15,1,14,0,0,0
2022-10-07 01:00,11,3,8,0,0,0
2022-10-07 01:15,11,0,11,0,0,0
2022-10-07 01:30,1,0,1,0,0,0
2022-10-07 01:45,18,5,13,0,0,0
2022-10-07 02:00,8,0,8,0,0,0
2022-10-07 02:15,15,2,13,0,0,0
2022-10-07 02:30,10,1,9,0,0,0
2022-10-07 02:45,9,1,8,0,0,0
2022-10-07 03:00,7,0,7,0,0,0
2022-10-07 03:15,4,1,3,0,0,0
2022-10-07 03:30,9,2,7,0,0,0
2022-10-07 03:45,4,0,4,0,0,0
2022-10-07 04:00,4,1,3,0,0,0
2022-10-07 04:15,5,1,4,0,0,0
2022-10-07 04:30,4,1,3,0,0,0
2022-10-07 04:45,5,2,3,0,0,0
2022-10-07 05:00,1,0,1,0,0,0
2022-10-07 05:15,5,2,3,0,0,0
2022-10-07 05:30,5,4,1,0,0,0
2022-10-07 05:45,11,8,3,0,0,0
2022-10-07 06:00,6,4,2,0,0,0
2022-10-07 06:15,11,7,4,0,0,0
2022-10-07 06:30,27,16,11,0,0,0
2022-10-07 06:45,42,21,21,0,0,0
2022-10-07 07:00,33,20,13,0,0,0
2022-10-07 07:15,51,32,19,0,0,0
2022-10-07 07:30,48,26,22,0,0,0
2022-10-07 07:45,76,39,37,0,0,0
2022-10-07 08:00,55,26,29,0,0,0
2022-10-07 08:15,52,32,20,0,0,0
2022-10-07 08:30,48,28,20,0,0,0
2022-10-07 08:45,51,38,13,0,0,0
2022-10-07 09:00,32,24,8,0,0,0
2022-10-07 09:15,38,30,8,0,0,0
2022-10-07 09:30,51,36,15,0,0,0
2022-10-07 09:45,50,38,12,0,0,0
2022-10-07 10:00,45,30,15,0,0,0
2022-10-07 10:15,36,22,14,0,0,0
2022-10-07 10:30,35,17,18,0,0,0
2022-10-07 10:45,44,32,12,0,0,0
2022-10-07 11:00,48,31,17,0,0,0
2022-10-07 11:15,43,27,16,0,0,0
2022-10-07 11:30,45,30,15,0,0,0
2022-10-07 11:45,58,30,28,0,0,0
2022-10-07 12:00,52,33,19,0,0,0
2022-10-07 12:15,49,32,17,0,0,0
2022-10-07 12:30,50,28,22,0,0,0
2022-10-07 12:45,59,35,24,0,0,0
2022-10-07 13:00,48,25,23,0,0,0
2022-10-07 13:15,53,33,20,0,0,0
2022-10-07 13:30,54,31,23,0,0,0
2022-10-07 13:45,54,25,29,0,0,0
2022-10-07 14:00,64,37,27,0,0,0
2022-10-07 14:15,55,38,17,0,0,0
2022-10-07 14:30,55,34,21,0,0,0
2022-10-07 14:45,42,30,12,0,0,0
2022-10-07 15:00,55,36,19,0,0,0
2022-10-07 15:15,46,31,15,0,0,0
2022-10-07 15:30,81,56,25,0,0,0
2022-10-07 15:45,77,55,22,0,0,0
2022-10-07 16:00,41,27,14,0,0,0
2022-10-07 16:15,64,40,24,0,0,0
2022-10-07 16:30,51,26,25,0,0,0
2022-10-07 16:45,69,50,19,0,0,0
2022-10-07 17:00,59,37,22,0,0,0
2022-10-07 17:15,56,32,24,0,0,0
2022-10-07 17:30,59,40,19,0,0,0
2022-10-07 17:45,67,41,26,0,0,0
2022-10-07 18:00,63,43,20,0,0,0
2022-10-07 18:15,46,24,22,0,0,0
2022-10-07 18:30,42,23,19,0,0,0
2022-10-07 18:45,66,44,22,0,0,0
2022-10-07 19:00,54,38,16,0,0,0
2022-10-07 19:15,56,32,24,0,0,0
2022-10-07 19:30,34,19,15,0,0,0
2022-10-07 19:45,33,18,15,0,0,0
2022-10-07 20:00,42,26,16,0,0,0
2022-10-07 20:15,44,34,10,0,0,0
2022-10-07 20:30,25,15,10,0,0,0
2022-10-07 20:45,28,20,8,0,0,0
2022-10-07 21:00,34,20,14,0,0,0
2022-10-07 21:15,17,10,7,0,0,0
2022-10-07 21:30,32,12,20,0,0,0
2022-10-07 21:45,28,14,14,0,0,0
2022-10-07 22:00,17,7,10,0,0,0
2022-10-07 22:15,14,5,9,0,0,0
2022-10-07 22:30,24,11,13,0,0,0
2022-10-07 22:45,16,7,9,0,0,0
2022-10-07 23:00,11,6,5,0,0,0
2022-10-07 23:15,15,8,7,0,0,0
2022-10-07 23:30,16,7,9,0,0,0
2022-10-07 23:45,15,9,6,0,0,0
2022-10-08 00:00,17,7,10,0,0,0
2022-10-08 00:15,21,10,11,0,0,0
2022-10-08 00:30,6,3,3,0,0,0
2022-10-08 00:45,10,4,6,0,0,0
2022-10-08 01:00,14,7,7,0,0,0
2022-10-08 01:15,17,8,9,0,0,0
2022-10-08 01:30,6,2,4,0,0,0
2022-10-08 01:45,11,3,8,0,0,0
2022-10-08 02:00,13,5,8,0,0,0
2022-10-08 02:15,6,1,5,0,0,0
2022-10-08 02:30,11,4,7,0,0,0
2022-10-08 02:45,12,3,9,0,0,0
2022-10-08 03:00,11,8,3,0,0,0
2022-10-08 03:15,4,1,3,0,0,0
2022-10-08 03:30,7,3,4,0,0,0
2022-10-08 03:45,9,2,7,0,0,0
2022-10-08 04:00,8,0,8,0,0,0
2022-10-08 04:15,0,0,0,0,0,0
2022-10-08 04:30,3,0,3,0,0,0
2022-10-08 04:45,6,3,3,0,0,0
2022-10-08 05:00,7,3,4,0,0,0
2022-10-08 05:15,6,2,4,0,0,0
2022-10-08 05:30,8,3,5,0,0,0
2022-10-08 05:45,4,4,0,0,0,0
2022-10-08 06:00,4,3,1,0,0,0
2022-10-08 06:15,2,1,1,0,0,0
2022-10-08 06:30,4,3,1,0,0,0
2022-10-08 06:45,8,7,1,0,0,0
2022-10-08 07:00,4,2,2,0,0,0
2022-10-08 07:15,1,1,0,0,0,0
2022-10-08 07:30,6,3,3,0,0,0
2022-10-08 07:45,16,10,6,0,0,0
2022-10-08 08:00,14,10,4,0,0,0
2022-10-08 08:15,11,9,2,0,0,0
2022-10-08 08:30,10,7,3,0,0,0
2022-10-08 08:45,14,9,5,0,0,0
2022-10-08 09:00,17,15,2,0,0,0
2022-10-08 09:15,19,17,2,0,0,0
2022-10-08 09:30,24,24,0,0,0,0
2022-10-08 09:45,21,17,4,0,0,0
2022-10-08 10:00,25,17,8,0,0,0
2022-10-08 10:15,39,26,13,0,0,0
2022-10-08 10:30,33,19,14,0,0,0
2022-10-08 10:45,30,22,8,0,0,0
2022-10-08 11:00,41,32,9,0,0,0
2022-10-08 11:15,46,34,12,0,0,0
2022-10-08 11:30,50,31,19,0,0,0
2022-10-08 11:45,41,33,8,0,0,0
2022-10-08 12:00,42,24,18,0,0,0
2022-10-08 12:15,47,26,21,0,0,0
2022-10-08 12:30,50,32,18,0,0,0
2022-10-08 12:45,46,30,16,0,0,0
2022-10-08 13:00,34,18,16,0,0,0
2022-10-08 13:15,36,11,25,0,0,0
2022-10-08 13:30,43,27,16,0,0,0
2022-10-08 13:45,49,32,17,0,0,0
2022-10-08 14:00,50,41,9,0,0,0
2022-10-08 14:15,47,37,10,0,0,0
2022-10-08 14:30,35,16,19,0,0,0
2022-10-08 14:45,34,19,15,0,0,0
2022-10-08 15:00,37,17,20,0,0,0
2022-10-08 15:15,33,18,15,0,0,0
2022-10-08 15:30,26,13,13,0,0,0
2022-10-08 15:45,34,19,15,0,0,0
2022-10-08 16:00,41,27,14,0,0,0
2022-10-08 16:15,44,29,15,0,0,0
2022-10-08 16:30,34,19,15,0,0,0
2022-10-08 16:45,36,22,14,0,0,0
2022-10-08 17:00,29,21,8,0,0,0
2022-10-08 17:15,37,21,16,0,0,0
2022-10-08 17:30,33,13,20,0,0,0
2022-10-08 17:45,31,23,8,0,0,0
2022-10-08 18:00,49,26,23,0,0,0
2022-10-08 18:15,27,16,11,0,0,0
2022-10-08 18:30,48,28,20,0,0,0
2022-10-08 18:45,43,26,17,0,0,0
2022-10-08 19:00,30,14,16,0,0,0
2022-10-08 19:15,22,15,7,0,0,0
2022-10-08 19:30,17,10,7,0,0,0
2022-10-08 19:45,24,14,10,0,0,0
2022-10-08 20:00,28,22,6,0,0,0
2022-10-08 20:15,32,21,11,0,0,0
2022-10-08 20:30,19,14,5,0,0,0
2022-10-08 20:45,21,13,8,0,0,0
2022-10-08 21:00,18,4,14,0,0,0
2022-10-08 21:15,23,9,14,0,0,0
2022-10-08 21:30,26,19,7,0,0,0
2022-10-08 21:45,17,9,8,0,0,0
2022-10-08 22:00,14,7,7,0,0,0
2022-10-08 22:15,13,6,7,0,0,0
2022-10-08 22:30,9,8,1,0,0,0
2022-10-08 22:45,19,9,10,0,0,0
2022-10-08 23:00,9,4,5,0,0,0
2022-10-08 23:15,12,6,6,0,0,0
2022-10-08 23:30,10,4,6,0,0,0
2022-10-08 23:45,16,4,12,0,0,0
2022-10-09 00:00,15,9,6,0,0,0
2022-10-09 00:15,12,7,5,0,0,0
2022-10-09 00:30,3,2,1,0,0,0
2022-10-09 00:45,12,6,6,0,0,0
2022-10-09 01:00,11,10,1,0,0,0
2022-10-09 01:15,15,7,8,0,0,0
2022-10-09 01:30,10,5,5,0,0,0
2022-10-09 01:45,9,6,3,0,0,0
2022-10-09 02:00,6,3,3,0,0,0
2022-10-09 02:15,5,1,4,0,0,0
2022-10-09 02:30,7,2,5,0,0,0
2022-10-09 02:45,11,5,6,0,0,0
2022-10-09 03:00,3,0,3,0,0,0
2022-10-09 03:15,15,5,10,0,0,0
2022-10-09 03:30,6,0,6,0,0,0
2022-10-09 03:45,9,0,9,0,0,0
2022-10-09 04:00,5,2,3,0,0,0
2022-10-09 04:15,5,2,3,0,0,0
2022-10-09 04:30,7,2,5,0,0,0
2022-10-09 04:45,4,4,0,0,0,0
2022-10-09 05:00,3,2,1,0,0,0
2022-10-09 05:15,2,1,1,0,0,0
2022-10-09 05:30,2,1,1,0,0,0
2022-10-09 05:45,3,3,0,0,0,0
2022-10-09 06:00,2,0,2,0,0,0
2022-10-09 06:15,3,3,0,0,0,0
2022-10-09 06:30,2,2,0,0,0,0
2022-10-09 06:45,4,2,2,0,0,0
2022-10-09 07:00,0,0,0,0,0,0
2022-10-09 07:15,5,3,2,0,0,0
2022-10-09 07:30,7,4,3,0,0,0
2022-10-09 07:45,5,5,0,0,0,0
2022-10-09 08:00,3,2,1,0,0,0
2022-10-09 08:15,5,3,2,0,0,0
2022-10-09 08:30,2,1,1,0,0,0
2022-10-09 08:45,9,4,5,0,0,0
2022-10-09 09:00,11,5,6,0,0,0
2022-10-09 09:15,12,9,3,0,0,0
2022-10-09 09:30,20,16,4,0,0,0
2022-10-09 09:45,15,14,1,0,0,0
2022-10-09 10:00,26,23,3,0,0,0
2022-10-09 10:15,13,9,4,0,0,0
2022-10-09 10:30,22,13,9,0,0,0
2022-10-09 10:45,32,23,9,0,0,0
2022-10-09 11:00,24,17,7,0,0,0
2022-10-09 11:15,28,17,11,0,0,0
2022-10-09 11:30,19,10,9,0,0,0
2022-10-09 11:45,35,20,15,0,0,0
2022-10-09 12:00,31,16,15,0,0,0
2022-10-09 12:15,26,16,10,0,0,0
2022-10-09 12:30,29,21,8,0,0,0
2022-10-09 12:45,33,20,13,0,0,0
2022-10-09 13:00,26,14,12,0,0,0
2022-10-09 13:15,41,19,22,0,0,0
2022-10-09 13:30,38,23,15,0,0,0
2022-10-09 13:45,36,25,11,0,0,0
2022-10-09 14:00,22,13,9,0,0,0
2022-10-09 14:15,29,21,8,0,0,0
2022-10-09 14:30,36,20,16,0,0,0
2022-10-09 14:45,44,32,12,0,0,0
2022-10-09 15:00,44,31,13,0,0,0
2022-10-09 15:15,34,25,9,0,0,0
2022-10-09 15:30,41,19,22,0,0,0
2022-10-09 15:45,37,20,17,0,0,0
2022-10-09 16:00,35,20,15,0,0,0
2022-10-09 16:15,32,14,18,0,0,0
2022-10-09 16:30,45,34,11,0,0,0
2022-10-09 16:45,44,34,10,0,0,0
2022-10-09 17:00,38,23,15,0,0,0
2022-10-09 17:15,31,20,11,0,0,0
2022-10-09 17:30,45,27,18,0,0,0
2022-10-09 17:45,49,34,15,0,0,0
2022-10-09 18:00,29,19,10,0,0,0
2022-10-09 18:15,51,28,23,0,0,0
2022-10-09 18:30,39,25,14,0,0,0
2022-10-09 18:45,44,23,21,0,0,0
2022-10-09 19:00,28,16,12,0,0,0
2022-10-09 19:15,22,10,12,0,0,0
2022-10-09 19:30,24,10,14,0,0,0
2022-10-09 19:45,33,18,15,0,0,0
2022-10-09 20:00,18,11,7,0,0,0
2022-10-09 20:15,16,8,8,0,0,0
2022-10-09 20:30,25,14,11,0,0,0
2022-10-09 20:45,16,6,10,0,0,0
2022-10-09 21:00,9,3,6,0,0,0
2022-10-09 21:15,20,1,19,0,0,0
2022-10-09 21:30,15,5,10,0,0,0
2022-10-09 21:45,13,4,9,0,0,0
2022-10-09 22:00,3,0,3,0,0,0
2022-10-09 22:15,8,3,5,0,0,0
2022-10-09 22:30,8,5,3,0,0,0
2022-10-09 22:45,9,2,7,0,0,0
2022-10-09 23:00,3,1,2,0,0,0
2022-10-09 23:15,3,1,2,0,0,0
2022-10-09 23:30,7,3,4,0,0,0
2022-10-09 23:45,4,2,2,0,0,0
2022-10-10 00:00,7,2,5,0,0,0
2022-10-10 00:15,3,3,0,0,0,0
2022-10-10 00:30,1,0,1,0,0,0
2022-10-10 00:45,4,3,1,0,0,0
2022-10-10 01:00,7,4,3,0,0,0
2022-10-10 01:15,1,1,0,0,0,0
2022-10-10 01:30,1,0,1,0,0,0
2022-10-10 01:45,4,0,4,0,0,0
2022-10-10 02:00,0,0,0,0,0,0
2022-10-10 02:15,1,0,1,0,0,0
2022-10-10 02:30,1,0,1,0,0,0
2022-10-10 02:45,0,0,0,0,0,0
2022-10-10 03:00,1,0,1,0,0,0
2022-10-10 03:15,2,1,1,0,0,0
2022-10-10 03:30,0,0,0,0,0,0
2022-10-10 03:45,0,0,0,0,0,0
2022-10-10 04:00,0,0,0,0,0,0
2022-10-10 04:15,1,1,0,0,0,0
2022-10-10 04:30,3,2,1,0,0,0
2022-10-10 04:45,8,7,1,0,0,0
2022-10-10 05:00,2,2,0,0,0,0
2022-10-10 05:15,6,3,3,0,0,0
2022-10-10 05:30,9,5,4,0,0,0
2022-10-10 05:45,12,8,4,0,0,0
2022-10-10 06:00,2,2,0,0,0,0
2022-10-10 06:15,18,9,9,0,0,0
2022-10-10 06:30,30,13,17,0,0,0
2022-10-10 06:45,43,21,22,0,0,0
2022-10-10 07:00,41,19,22,0,0,0
2022-10-10 07:15,48,26,22,0,0,0
2022-10-10 07:30,82,47,35,0,0,0
2022-10-10 07:45,124,75,49,0,0,0
2022-10-10 08:00,74,44,30,0,0,0
2022-10-10 08:15,57,23,34,0,0,0
2022-10-10 08:30,52,36,16,0,0,0
2022-10-10 08:45,72,43,29,0,0,0
2022-10-10 09:00,46,24,22,0,0,0
2022-10-10 09:15,35,23,12,0,0,0
2022-10-10 09:30,50,40,10,0,0,0
2022-10-10 09:45,74,55,19,0,0,0
2022-10-10 10:00,46,29,17,0,0,0
2022-10-10 10:15,45,34,11,0,0,0
2022-10-10 10:30,41,22,19,0,0,0
2022-10-10 10:45,46,31,15,0,0,0
2022-10-10 11:00,32,19,13,0,0,0
2022-10-10 11:15,38,27,11,0,0,0
2022-10-10 11:30,51,26,25,0,0,0
2022-10-10 11:45,64,42,22,0,0,0
2022-10-10 12:00,67,43,24,0,0,0
2022-10-10 12:15,49,31,18,0,0,0
2022-10-10 12:30,35,18,17,0,0,0
2022-10-10 12:45,67,38,29,0,0,0
2022-10-10 13:00,41,24,17,0,0,0
2022-10-10 13:15,68,43,25,0,0,0
2022-10-10 13:30,50,29,21,0,0,0
2022-10-10 13:45,70,50,20,0,0,0
2022-10-10 14:00,61,27,34,0,0,0
2022-10-10 14:15,59,34,25,0,0,0
2022-10-10 14:30,44,23,21,0,0,0
2022-10-10 14:45,62,40,22,0,0,0
2022-10-10 15:00,46,28,18,0,0,0
2022-10-10 15:15,60,32,28,0,0,0
2022-10-10 15:30,73,46,27,0,0,0
2022-10-10 15:45,81,54,27,0,0,0
2022-10-10 16:00,101,56,45,0,0,0
2022-10-10 16:15,83,41,42,0,0,0
2022-10-10 16:30,66,41,25,0,0,0
2022-10-10 16:45,99,59,40,0,0,0
2022-10-10 17:00,74,45,29,0,0,0
2022-10-10 17:15,85,54,31,0,0,0
2022-10-10 17:30,73,49,24,0,0,0
2022-10-10 17:45,92,59,33,0,0,0
2022-10-10 18:00,89,44,45,0,0,0
2022-10-10 18:15,70,30,40,0,0,0
2022-10-10 18:30,55,26,29,0,0,0
2022-10-10 18:45,48,29,19,0,0,0
2022-10-10 19:00,52,31,21,0,0,0
2022-10-10 19:15,47,28,19,0,0,0
2022-10-10 19:30,47,23,24,0,0,0
2022-10-10 19:45,42,22,20,0,0,0
2022-10-10 20:00,42,22,20,0,0,0
2022-10-10 20:15,31,13,18,0,0,0
2022-10-10 20:30,19,9,10,0,0,0
2022-10-10 20:45,28,13,15,0,0,0
2022-10-10 21:00,18,9,9,0,0,0
2022-10-10 21:15,30,18,12,0,0,0
2022-10-10 21:30,25,12,13,0,0,0
2022-10-10 21:45,18,12,6,0,0,0
2022-10-10 22:00,20,8,12,0,0,0
2022-10-10 22:15,36,24,12,0,0,0
2022-10-10 22:30,22,7,15,0,0,0
2022-10-10 22:45,9,4,5,0,0,0
2022-10-10 23:00,11,5,6,0,0,0
2022-10-10 23:15,8,6,2,0,0,0
2022-10-10 23:30,5,0,5,0,0,0
2022-10-10 23:45,3,1,2,0,0,0
2022-10-11 00:00,3,2,1,0,0,0
2022-10-11 00:15,4,1,3,0,0,0
2022-10-11 00:30,3,3,0,0,0,0
2022-10-11 00:45,3,0,3,0,0,0
2022-10-11 01:00,5,2,3,0,0,0
2022-10-11 01:15,1,0,1,0,0,0
2022-10-11 01:30,4,0,4,0,0,0
2022-10-11 01:45,4,0,4,0,0,0
2022-10-11 02:00,2,1,1,0,0,0
2022-10-11 02:15,1,0,1,0,0,0
2022-10-11 02:30,0,0,0,0,0,0
2022-10-11 02:45,3,1,2,0,0,0
2022-10-11 03:00,2,0,2,0,0,0
2022-10-11 03:15,2,1,1,0,0,0
2022-10-11 03:30,1,1,0,0,0,0
2022-10-11 03:45,0,0,0,0,0,0
2022-10-11 04:00,1,1,0,0,0,0
2022-10-11 04:15,6,2,4,0,0,0
2022-10-11 04:30,1,1,0,0,0,0
2022-10-11 04:45,6,5,1,0,0,0
2022-10-11 05:00,2,2,0,0,0,0
2022-10-11 05:15,5,4,1,0,0,0
2022-10-11 05:30,8,3,5,0,0,0
2022-10-11 05:45,15,8,7,0,0,0
2022-10-11 06:00,9,5,4,0,0,0
2022-10-11 06:15,23,10,13,0,0,0
2022-10-11 06:30,25,12,13,0,0,0
2022-10-11 06:45,55,23,32,0,0,0
2022-10-11 07:00,31,13,18,0,0,0
2022-10-11 07:15,50,32,18,0,0,0
2022-10-11 07:30,88,44,44,0,0,0
2022-10-11 07:45,127,78,49,0,0,0
2022-10-11 08:00,99,52,47,0,0,0
2022-10-11 08:15,56,34,22,0,0,0
2022-10-11 08:30,61,34,27,0,0,0
2022-10-11 08:45,62,34,28,0,0,0
2022-10-11 09:00,35,20,15,0,0,0
2022-10-11 09:15,33,27,6,0,0,0
2022-10-11 09:30,56,38,18,0,0,0
2022-10-11 09:45,52,34,18,0,0,0
2022-10-11 10:00,71,47,24,0,0,0
2022-10-11 10:15,35,23,12,0,0,0
2022-10-11 10:30,45,29,16,0,0,0
2022-10-11 10:45,36,26,10,0,0,0
2022-10-11 11:00,30,20,10,0,0,0
2022-10-11 11:15,41,23,18,0,0,0
2022-10-11 11:30,47,35,12,0,0,0
2022-10-11 11:45,79,58,21,0,0,0
2022-10-11 12:00,68,45,23,0,0,0
2022-10-11 12:15,49,26,23,0,0,0
2022-10-11 12:30,49,32,17,0,0,0
2022-10-11 12:45,54,32,22,0,0,0
2022-10-11 13:00,48,27,21,0,0,0
2022-10-11 13:15,56,31,25,0,0,0
2022-10-11 13:30,62,39,23,0,0,0
2022-10-11 13:45,71,43,28,0,0,0
2022-10-11 14:00,60,31,29,0,0,0
2022-10-11 14:15,63,33,30,0,0,0
2022-10-11 14:30,48,31,17,0,0,0
2022-10-11 14:45,62,39,23,0,0,0
2022-10-11 15:00,61,36,25,0,0,0
2022-10-11 15:15,61,36,25,0,0,0
2022-10-11 15:30,62,41,21,0,0,0
2022-10-11 15:45,104,64,40,0,0,0
2022-10-11 16:00,99,58,41,0,0,0
2022-10-11 16:15,88,57,31,0,0,0
2022-10-11 16:30,85,51,34,0,0,0
2022-10-11 16:45,85,53,32,0,0,0
2022-10-11 17:00,69,54,15,0,0,0
2022-10-11 17:15,94,61,33,0,0,0
2022-10-11 17:30,96,61,35,0,0,0
2022-10-11 17:45,92,53,39,0,0,0
2022-10-11 18:00,93,47,46,0,0,0
2022-10-11 18:15,74,40,34,0,0,0
2022-10-11 18:30,57,30,27,0,0,0
2022-10-11 18:45,44,29,15,0,0,0
2022-10-11 19:00,57,38,19,0,0,0
2022-10-11 19:15,52,29,23,0,0,0
2022-10-11 19:30,64,42,22,0,0,0
2022-10-11 19:45,40,22,18,0,0,0
2022-10-11 20:00,44,22,22,0,0,0
2022-10-11 20:15,43,24,19,0,0,0
2022-10-11 20:30,29,11,18,0,0,0
2022-10-11 20:45,27,16,11,0,0,0
2022-10-11 21:00,20,7,13,0,0,0
2022-10-11 21:15,26,14,12,0,0,0
2022-10-11 21:30,31,8,23,0,0,0
2022-10-11 21:45,23,17,6,0,0,0
2022-10-11 22:00,15,8,7,0,0,0
2022-10-11 22:15,14,5,9,0,0,0
2022-10-11 22:30,12,4,8,0,0,0
2022-10-11 22:45,20,6,14,0,0,0
2022-10-11 23:00,18,9,9,0,0,0
2022-10-11 23:15,23,9,14,0,0,0
2022-10-11 23:30,15,2,13,0,0,0
2022-10-11 23:45,7,2,5,0,0,0
2022-10-12 00:00,5,2,3,0,0,0
2022-10-12 00:15,3,0,3,0,0,0
2022-10-12 00:30,11,2,9,0,0,0
2022-10-12 00:45,7,0,7,0,0,0
2022-10-12 01:00,10,4,6,0,0,0
2022-10-12 01:15,10,3,7,0,0,0
2022-10-12 01:30,7,1,6,0,0,0
2022-10-12 01:45,8,2,6,0,0,0
2022-10-12 02:00,4,0,4,0,0,0
2022-10-12 02:15,2,1,1,0,0,0
2022-10-12 02:30,2,0,2,0,0,0
2022-10-12 02:45,1,0,1,0,0,0
2022-10-12 03:00,3,1,2,0,0,0
2022-10-12 03:15,3,2,1,0,0,0
2022-10-12 03:30,1,0,1,0,0,0
2022-10-12 03:45,1,1,0,0,0,0
2022-10-12 04:00,1,1,0,0,0,0
2022-10-12 04:15,1,1,0,0,0,0
2022-10-12 04:30,3,2,1,0,0,0
2022-10-12 04:45,6,4,2,0,0,0
2022-10-12 05:00,3,2,1,0,0,0
2022-10-12 05:15,4,2,2,0,0,0
2022-10-12 05:30,9,3,6,0,0,0
2022-10-12 05:45,10,7,3,0,0,0
2022-10-12 06:00,11,6,5,0,0,0
2022-10-12 06:15,13,6,7,0,0,0
2022-10-12 06:30,28,14,14,0,0,0
2022-10-12 06:45,51,29,22,0,0,0
2022-10-12 07:00,32,14,18,0,0,0
2022-10-12 07:15,52,37,15,0,0,0
2022-10-12 07:30,76,36,40,0,0,0
2022-10-12 07:45,103,51,52,0,0,0
2022-10-12 08:00,85,41,44,0,0,0
2022-10-12 08:15,60,41,19,0,0,0
2022-10-12 08:30,57,27,30,0,0,0
2022-10-12 08:45,67,45,22,0,0,0
2022-10-12 09:00,39,22,17,0,0,0
2022-10-12 09:15,37,22,15,0,0,0
2022-10-12 09:30,63,46,17,0,0,0
2022-10-12 09:45,89,66,23,0,0,0
2022-10-12 10:00,49,36,13,0,0,0
2022-10-12 10:15,49,37,12,0,0,0
2022-10-12 10:30,49,31,18,0,0,0
2022-10-12 10:45,50,36,14,0,0,0
2022-10-12 11:00,41,28,13,0,0,0
2022-10-12 11:15,44,29,15,0,0,0
2022-10-12 11:30,39,26,13,0,0,0
2022-10-12 11:45,59,42,17,0,0,0
2022-10-12 12:00,60,42,18,0,0,0
2022-10-12 12:15,78,39,39,0,0,0
2022-10-12 12:30,46,22,24,0,0,0
2022-10-12 12:45,57,36,21,0,0,0
2022-10-12 13:00,53,27,26,0,0,0
2022-10-12 13:15,56,35,21,0,0,0
2022-10-12 13:30,52,38,14,0,0,0
2022-10-12 13:45,65,42,23,0,0,0
2022-10-12 14:00,65,34,31,0,0,0
2022-10-12 14:15,59,32,27,0,0,0
2022-10-12 14:30,49,27,22,0,0,0
2022-10-12 14:45,47,25,22,0,0,0
2022-10-12 15:00,60,32,28,0,0,0
2022-10-12 15:15,59,37,22,0,0,0
2022-10-12 15:30,66,39,27,0,0,0
2022-10-12 15:45,99,57,42,0,0,0
2022-10-12 16:00,77,55,22,0,0,0
2022-10-12 16:15,88,53,35,0,0,0
2022-10-12 16:30,67,48,19,0,0,0
2022-10-12 16:45,68,39,29,0,0,0
2022-10-12 17:00,86,55,31,0,0,0
2022-10-12 17:15,87,59,28,0,0,0
2022-10-12 17:30,75,46,29,0,0,0
2022-10-12 17:45,88,59,29,0,0,0
2022-10-12 18:00,77,45,32,0,0,0
2022-10-12 18:15,58,30,28,0,0,0
2022-10-12 18:30,41,21,20,0,0,0
2022-10-12 18:45,63,42,21,0,0,0
2022-10-12 19:00,59,31,28,0,0,0
2022-10-12 19:15,51,27,24,0,0,0
2022-10-12 19:30,51,33,18,0,0,0
2022-10-12 19:45,55,33,22,0,0,0
2022-10-12 20:00,36,13,23,0,0,0
2022-10-12 20:15,38,23,15,0,0,0
2022-10-12 20:30,29,12,17,0,0,0
2022-10-12 20:45,34,27,7,0,0,0
2022-10-12 21:00,24,7,17,0,0,0
2022-10-12 21:15,36,25,11,0,0,0
2022-10-12 21:30,26,17,9,0,0,0
2022-10-12 21:45,26,9,17,0,0,0
2022-10-12 22:00,16,8,8,0,0,0
2022-10-12 22:15,19,7,12,0,0,0
2022-10-12 22:30,33,16,17,0,0,0
2022-10-12 22:45,7,2,5,0,0,0
2022-10-12 23:00,16,5,11,0,0,0
2022-10-12 23:15,32,23,9,0,0,0
2022-10-12 23:30,17,12,5,0,0,0
2022-10-12 23:45,7,5,2,0,0,0
2022-10-13 00:00,16,6,10,0,0,0
2022-10-13 00:15,8,0,8,0,0,0
2022-10-13 00:30,12,6,6,0,0,0
2022-10-13 00:45,10,2,8,0,0,0
2022-10-13 01:00,8,3,5,0,0,0
2022-10-13 01:15,4,1,3,0,0,0
2022-10-13 01:30,8,5,3,0,0,0
2022-10-13 01:45,2,0,2,0,0,0
2022-10-13 02:00,9,0,9,0,0,0
2022-10-13 02:15,5,3,2,0,0,0
2022-10-13 02:30,6,1,5,0,0,0
2022-10-13 02:45,2,0,2,0,0,0
2022-10-13 03:00,7,2,5,0,0,0
2022-10-13 03:15,6,2,4,0,0,0
2022-10-13 03:30,3,0,3,0,0,0
2022-10-13 03:45,1,0,1,0,0,0
2022-10-13 04:00,0,0,0,0,0,0
2022-10-13 04:15,1,1,0,0,0,0
2022-10-13 04:30,3,2,1,0,0,0
2022-10-13 04:45,7,3,4,0,0,0
2022-10-13 05:00,1,1,0,0,0,0
2022-10-13 05:15,7,3,4,0,0,0
2022-10-13 05:30,12,7,5,0,0,0
2022-10-13 05:45,12,8,4,0,0,0
2022-10-13 06:00,5,4,1,0,0,0
2022-10-13 06:15,24,10,14,0,0,0
2022-10-13 06:30,28,17,11,0,0,0
2022-10-13 06:45,34,19,15,0,0,0
2022-10-13 07:00,43,22,21,0,0,0
2022-10-13 07:15,40,24,16,0,0,0
2022-10-13 07:30,66,34,32,0,0,0
2022-10-13 07:45,91,43,48,0,0,0
2022-10-13 08:00,93,57,36,0,0,0
2022-10-13 08:15,67,28,39,0,0,0
2022-10-13 08:30,60,32,28,0,0,0
2022-10-13 08:45,65,44,21,0,0,0
2022-10-13 09:00,31,22,9,0,0,0
2022-10-13 09:15,42,25,17,0,0,0
2022-10-13 09:30,44,32,12,0,0,0
2022-10-13 09:45,60,46,14,0,0,0
2022-10-13 10:00,52,35,17,0,0,0
2022-10-13 10:15,36,25,11,0,0,0
2022-10-13 10:30,36,25,11,0,0,0
2022-10-13 10:45,28,16,12,0,0,0
2022-10-13 11:00,34,24,10,0,0,0
2022-10-13 11:15,41,32,9,0,0,0
2022-10-13 11:30,38,27,11,0,0,0
2022-10-13 11:45,52,34,18,0,0,0
2022-10-13 12:00,60,37,23,0,0,0
2022-10-13 12:15,44,24,20,0,0,0
2022-10-13 12:30,47,25,22,0,0,0
2022-10-13 12:45,40,26,14,0,0,0
2022-10-13 13:00,41,22,19,0,0,0
2022-10-13 13:15,37,21,16,0,0,0
2022-10-13 13:30,57,30,27,0,0,0
2022-10-13 13:45,73,51,22,0,0,0
2022-10-13 14:00,57,31,26,0,0,0
2022-10-13 14:15,44,21,23,0,0,0
2022-10-13 14:30,33,26,7,0,0,0
2022-10-13 14:45,49,35,14,0,0,0
2022-10-13 15:00,57,33,24,0,0,0
2022-10-13 15:15,54,35,19,0,0,0
2022-10-13 15:30,56,39,17,0,0,0
2022-10-13 15:45,78,50,28,0,0,0
2022-10-13 16:00,65,41,24,0,0,0
2022-10-13 16:15,64,44,20,0,0,0
2022-10-13 16:30,61,41,20,0,0,0
2022-10-13 16:45,64,38,26,0,0,0
2022-10-13 17:00,65,40,25,0,0,0
2022-10-13 17:15,65,48,17,0,0,0
2022-10-13 17:30,64,37,27,0,0,0
2022-10-13 17:45,79,40,39,0,0,0
2022-10-13 18:00,66,39,27,0,0,0
2022-10-13 18:15,40,26,14,0,0,0
2022-10-13 18:30,58,37,21,0,0,0
2022-10-13 18:45,47,30,17,0,0,0
2022-10-13 19:00,41,21,20,0,0,0
2022-10-13 19:15,46,24,22,0,0,0
2022-10-13 19:30,34,17,17,0,0,0
2022-10-13 19:45,51,30,21,0,0,0
2022-10-13 20:00,42,18,24,0,0,0
2022-10-13 20:15,35,25,10,0,0,0
2022-10-13 20:30,20,7,13,0,0,0
2022-10-13 20:45,28,13,15,0,0,0
2022-10-13 21:00,20,13,7,0,0,0
2022-10-13 21:15,18,12,6,0,0,0
2022-10-13 21:30,23,16,7,0,0,0
2022-10-13 21:45,25,14,11,0,0,0
2022-10-13 22:00,14,7,7,0,0,0
2022-10-13 22:15,28,19,9,0,0,0
2022-10-13 22:30,15,8,7,0,0,0
2022-10-13 22:45,18,6,12,0,0,0
2022-10-13 23:00,10,6,4,0,0,0
2022-10-13 23:15,13,5,8,0,0,0
2022-10-13 23:30,8,4,4,0,0,0
2022-10-13 23:45,9,3,6,0,0,0
2022-10-14 00:00,8,2,6,0,0,0
2022-10-14 00:15,3,1,2,0,0,0
2022-10-14 00:30,5,1,4,0,0,0
2022-10-14 00:45,9,7,2,0,0,0
2022-10-14 01:00,6,1,5,0,0,0
2022-10-14 01:15,6,3,3,0,0,0
2022-10-14 01:30,1,0,1,0,0,0
2022-10-14 01:45,8,1,7,0,0,0
2022-10-14 02:00,1,0,1,0,0,0
2022-10-14 02:15,0,0,0,0,0,0
2022-10-14 02:30,3,0,3,0,0,0
2022-10-14 02:45,3,1,2,0,0,0
2022-10-14 03:00,1,0,1,0,0,0
2022-10-14 03:15,2,0,2,0,0,0
2022-10-14 03:30,1,0,1,0,0,0
2022-10-14 03:45,2,0,2,0,0,0
2022-10-14 04:00,1,1,0,0,0,0
2022-10-14 04:15,1,1,0,0,0,0
2022-10-14 04:30,4,3,1,0,0,0
2022-10-14 04:45,6,4,2,0,0,0
2022-10-14 05:00,3,2,1,0,0,0
2022-10-14 05:15,2,1,1,0,0,0
2022-10-14 05:30,8,4,4,0,0,0
2022-10-14 05:45,15,10,5,0,0,0
2022-10-14 06:00,5,3,2,0,0,0
2022-10-14 06:15,11,6,5,0,0,0
2022-10-14 06:30,14,6,8,0,0,0
2022-10-14 06:45,30,12,18,0,0,0
2022-10-14 07:00,39,25,14,0,0,0
2022-10-14 07:15,44,30,14,0,0,0
2022-10-14 07:30,67,39,28,0,0,0
2022-10-14 07:45,84,48,36,0,0,0
2022-10-14 08:00,49,31,18,0,0,0
2022-10-14 08:15,60,36,24,0,0,0
2022-10-14 08:30,50,33,17,0,0,0
2022-10-14 08:45,60,38,22,0,0,0
2022-10-14 09:00,33,19,14,0,0,0
2022-10-14 09:15,35,25,10,0,0,0
2022-10-14 09:30,43,30,13,0,0,0
2022-10-14 09:45,64,42,22,0,0,0
2022-10-14 10:00,62,49,13,0,0,0
2022-10-14 10:15,35,24,11,0,0,0
2022-10-14 10:30,32,21,11,0,0,0
2022-10-14 10:45,35,24,11,0,0,0
2022-10-14 11:00,23,15,8,0,0,0
2022-10-14 11:15,30,18,12,0,0,0
2022-10-14 11:30,48,37,11,0,0,0
2022-10-14 11:45,44,22,22,0,0,0
2022-10-14 12:00,59,29,30,0,0,0
2022-10-14 12:15,54,40,14,0,0,0
2022-10-14 12:30,51,26,25,0,0,0
2022-10-14 12:45,44,26,18,0,0,0
2022-10-14 13:00,55,32,23,0,0,0
2022-10-14 13:15,55,37,18,0,0,0
2022-10-14 13:30,46,24,22,0,0,0
2022-10-14 13:45,59,36,23,0,0,0
2022-10-14 14:00,54,28,26,0,0,0
2022-10-14 14:15,54,30,24,0,0,0
2022-10-14 14:30,70,39,31,0,0,0
2022-10-14 14:45,40,27,13,0,0,0
2022-10-14 15:00,61,40,21,0,0,0
2022-10-14 15:15,48,31,17,0,0,0
2022-10-14 15:30,74,49,25,0,0,0
2022-10-14 15:45,73,44,29,0,0,0
2022-10-14 16:00,60,40,20,0,0,0
2022-10-14 16:15,58,40,18,0,0,0
2022-10-14 16:30,48,33,15,0,0,0
2022-10-14 16:45,38,24,14,0,0,0
2022-10-14 17:00,48,27,21,0,0,0
2022-10-14 17:15,36,19,17,0,0,0
2022-10-14 17:30,44,24,20,0,0,0
2022-10-14 17:45,53,41,12,0,0,0
2022-10-14 18:00,45,25,20,0,0,0
2022-10-14 18:15,38,20,18,0,0,0
2022-10-14 18:30,35,20,15,0,0,0
2022-10-14 18:45,48,36,12,0,0,0
2022-10-14 19:00,29,19,10,0,0,0
2022-10-14 19:15,22,12,10,0,0,0
2022-10-14 19:30,29,17,12,0,0,0
2022-10-14 19:45,37,20,17,0,0,0
2022-10-14 20:00,28,13,15,0,0,0
2022-10-14 20:15,31,16,15,0,0,0
2022-10-14 20:30,28,16,12,0,0,0
2022-10-14 20:45,23,17,6,0,0,0
2022-10-14 21:00,21,13,8,0,0,0
2022-10-14 21:15,24,15,9,0,0,0
2022-10-14 21:30,13,10,3,0,0,0
2022-10-14 21:45,20,18,2,0,0,0
2022-10-14 22:00,24,15,9,0,0,0
2022-10-14 22:15,14,3,11,0,0,0
2022-10-14 22:30,19,5,14,0,0,0
2022-10-14 22:45,10,5,5,0,0,0
2022-10-14 23:00,5,0,5,0,0,0
2022-10-14 23:15,8,5,3,0,0,0
2022-10-14 23:30,14,7,7,0,0,0
2022-10-14 23:45,10,4,6,0,0,0
2022-10-15 00:00,12,4,8,0,0,0
2022-10-15 00:15,28,2,26,0,0,0
2022-10-15 00:30,12,6,6,0,0,0
2022-10-15 00:45,8,5,3,0,0,0
2022-10-15 01:00,11,2,9,0,0,0
2022-10-15 01:15,10,3,7,0,0,0
2022-10-15 01:30,15,9,6,0,0,0
2022-10-15 01:45,4,1,3,0,0,0
2022-10-15 02:00,8,5,3,0,0,0
2022-10-15 02:15,3,0,3,0,0,0
2022-10-15 02:30,5,1,4,0,0,0
2022-10-15 02:45,12,2,10,0,0,0
2022-10-15 03:00,6,1,5,0,0,0
2022-10-15 03:15,6,2,4,0,0,0
2022-10-15 03:30,8,2,6,0,0,0
2022-10-15 03:45,4,1,3,0,0,0
2022-10-15 04:00,5,0,5,0,0,0
2022-10-15 04:15,1,0,1,0,0,0
2022-10-15 04:30,3,1,2,0,0,0
2022-10-15 04:45,5,3,2,0,0,0
2022-10-15 05:00,3,2,1,0,0,0
2022-10-15 05:15,4,3,1,0,0,0
2022-10-15 05:30,4,2,2,0,0,0
2022-10-15 05:45,6,2,4,0,0,0
2022-10-15 06:00,6,1,5,0,0,0
2022-10-15 06:15,4,1,3,0,0,0
2022-10-15 06:30,6,6,0,0,0,0
2022-10-15 06:45,9,6,3,0,0,0
2022-10-15 07:00,3,3,0,0,0,0
2022-10-15 07:15,6,4,2,0,0,0
2022-10-15 07:30,12,6,6,0,0,0
2022-10-15 07:45,9,6,3,0,0,0
2022-10-15 08:00,10,6,4,0,0,0
2022-10-15 08:15,15,13,2,0,0,0
2022-10-15 08:30,19,15,4,0,0,0
2022-10-15 08:45,16,11,5,0,0,0
2022-10-15 09:00,15,11,4,0,0,0
2022-10-15 09:15,25,17,8,0,0,0
2022-10-15 09:30,20,13,7,0,0,0
2022-10-15 09:45,45,32,13,0,0,0
2022-10-15 10:00,21,15,6,0,0,0
2022-10-15 10:15,31,26,5,0,0,0
2022-10-15 10:30,37,28,9,0,0,0
2022-10-15 10:45,38,32,6,0,0,0
2022-10-15 11:00,50,36,14,0,0,0
2022-10-15 11:15,34,23,11,0,0,0
2022-10-15 11:30,44,27,17,0,0,0
2022-10-15 11:45,54,41,13,0,0,0
2022-10-15 12:00,33,20,13,0,0,0
2022-10-15 12:15,60,42,18,0,0,0
2022-10-15 12:30,39,32,7,0,0,0
2022-10-15 12:45,48,28,20,0,0,0
2022-10-15 13:00,32,21,11,0,0,0
2022-10-15 13:15,43,21,22,0,0,0
2022-10-15 13:30,40,28,12,0,0,0
2022-10-15 13:45,44,26,18,0,0,0
2022-10-15 14:00,44,27,17,0,0,0
2022-10-15 14:15,52,28,24,0,0,0
2022-10-15 14:30,37,17,20,0,0,0
2022-10-15 14:45,40,23,17,0,0,0
2022-10-15 15:00,24,13,11,0,0,0
2022-10-15 15:15,32,11,21,0,0,0
2022-10-15 15:30,36,22,14,0,0,0
2022-10-15 15:45,30,20,10,0,0,0
2022-10-15 16:00,30,25,5,0,0,0
2022-10-15 16:15,32,15,17,0,0,0
2022-10-15 16:30,28,24,4,0,0,0
2022-10-15 16:45,42,32,10,0,0,0
2022-10-15 17:00,27,18,9,0,0,0
2022-10-15 17:15,34,23,11,0,0,0
2022-10-15 17:30,35,24,11,0,0,0
2022-10-15 17:45,49,34,15,0,0,0
2022-10-15 18:00,42,24,18,0,0,0
2022-10-15 18:15,28,15,13,0,0,0
2022-10-15 18:30,35,27,8,0,0,0
2022-10-15 18:45,43,30,13,0,0,0
2022-10-15 19:00,32,16,16,0,0,0
2022-10-15 19:15,46,23,23,0,0,0
2022-10-15 19:30,34,21,13,0,0,0
2022-10-15 19:45,40,20,20,0,0,0
2022-10-15 20:00,36,19,17,0,0,0
2022-10-15 20:15,27,12,15,0,0,0
2022-10-15 20:30,21,15,6,0,0,0
2022-10-15 20:45,19,9,10,0,0,0
2022-10-15 21:00,14,10,4,0,0,0
2022-10-15 21:15,19,10,9,0,0,0
2022-10-15 21:30,12,3,9,0,0,0
2022-10-15 21:45,18,7,11,0,0,0
2022-10-15 22:00,8,4,4,0,0,0
2022-10-15 22:15,11,8,3,0,0,0
2022-10-15 22:30,17,9,8,0,0,0
2022-10-15 22:45,7,3,4,0,0,0
2022-10-15 23:00,12,4,8,0,0,0
2022-10-15 23:15,13,8,5,0,0,0
2022-10-15 23:30,17,4,13,0,0,0
2022-10-15 23:45,12,3,9,0,0,0
2022-10-16 00:00,14,5,9,0,0,0
2022-10-16 00:15,20,12,8,0,0,0
2022-10-16 00:30,5,1,4,0,0,0
2022-10-16 00:45,9,2,7,0,0,0
2022-10-16 01:00,15,8,7,0,0,0
2022-10-16 01:15,12,5,7,0,0,0
2022-10-16 01:30,6,1,5,0,0,0
2022-10-16 01:45,7,1,6,0,0,0
2022-10-16 02:00,9,4,5,0,0,0
2022-10-16 02:15,13,7,6,0,0,0
2022-10-16 02:30,5,0,5,0,0,0
2022-10-16 02:45,9,4,5,0,0,0
2022-10-16 03:00,5,0,5,0,0,0
2022-10-16 03:15,6,5,1,0,0,0
2022-10-16 03:30,8,4,4,0,0,0
2022-10-16 03:45,6,0,6,0,0,0
2022-10-16 04:00,5,2,3,0,0,0
2022-10-16 04:15,8,3,5,0,0,0
2022-10-16 04:30,5,3,2,0,0,0
2022-10-16 04:45,6,4,2,0,0,0
2022-10-16 05:00,4,2,2,0,0,0
2022-10-16 05:15,4,2,2,0,0,0
2022-10-16 05:30,4,0,4,0,0,0
2022-10-16 05:45,4,0,4,0,0,0
2022-10-16 06:00,5,4,1,0,0,0
2022-10-16 06:15,1,1,0,0,0,0
2022-10-16 06:30,5,2,3,0,0,0
2022-10-16 06:45,3,3,0,0,0,0
2022-10-16 07:00,3,2,1,0,0,0
2022-10-16 07:15,2,2,0,0,0,0
2022-10-16 07:30,2,2,0,0,0,0
2022-10-16 07:45,2,1,1,0,0,0
2022-10-16 08:00,7,2,5,0,0,0
2022-10-16 08:15,4,4,0,0,0,0
2022-10-16 08:30,6,4,2,0,0,0
2022-10-16 08:45,10,4,6,0,0,0
2022-10-16 09:00,8,3,5,0,0,0
2022-10-16 09:15,15,14,1,0,0,0
2022-10-16 09:30,8,4,4,0,0,0
2022-10-16 09:45,28,23,5,0,0,0
2022-10-16 10:00,27,19,8,0,0,0
2022-10-16 10:15,13,10,3,0,0,0
2022-10-16 10:30,23,15,8,0,0,0
2022-10-16 10:45,30,21,9,0,0,0
2022-10-16 11:00,20,15,5,0,0,0
2022-10-16 11:15,27,23,4,0,0,0
2022-10-16 11:30,26,15,11,0,0,0
2022-10-16 11:45,27,18,9,0,0,0
2022-10-16 12:00,20,13,7,0,0,0
2022-10-16 12:15,28,20,8,0,0,0
2022-10-16 12:30,29,22,7,0,0,0
2022-10-16 12:45,24,11,13,0,0,0
2022-10-16 13:00,37,21,16,0,0,0
2022-10-16 13:15,26,20,6,0,0,0
2022-10-16 13:30,41,25,16,0,0,0
2022-10-16 13:45,39,23,16,0,0,0
2022-10-16 14:00,38,24,14,0,0,0
2022-10-16 14:15,34,22,12,0,0,0
2022-10-16 14:30,33,21,12,0,0,0
2022-10-16 14:45,55,36,19,0,0,0
2022-10-16 15:00,39,18,21,0,0,0
2022-10-16 15:15,38,24,14,0,0,0
2022-10-16 15:30,28,18,10,0,0,0
2022-10-16 15:45,43,32,11,0,0,0
2022-10-16 16:00,31,18,13,0,0,0
2022-10-16 16:15,29,19,10,0,0,0
2022-10-16 16:30,25,14,11,0,0,0
2022-10-16 16:45,46,29,17,0,0,0
2022-10-16 17:00,33,23,10,0,0,0
2022-10-16 17:15,52,31,21,0,0,0
2022-10-16 17:30,47,34,13,0,0,0
2022-10-16 17:45,38,18,20,0,0,0
2022-10-16 18:00,28,13,15,0,0,0
2022-10-16 18:15,36,24,12,0,0,0
2022-10-16 18:30,21,13,8,0,0,0
2022-10-16 18:45,27,16,11,0,0,0
2022-10-16 19:00,29,14,15,0,0,0
2022-10-16 19:15,27,16,11,0,0,0
2022-10-16 19:30,11,4,7,0,0,0
2022-10-16 19:45,26,10,16,0,0,0
2022-10-16 20:00,43,15,28,0,0,0
2022-10-16 20:15,15,11,4,0,0,0
2022-10-16 20:30,17,10,7,0,0,0
2022-10-16 20:45,29,11,18,0,0,0
2022-10-16 21:00,15,10,5,0,0,0
2022-10-16 21:15,11,5,6,0,0,0
2022-10-16 21:30,6,2,4,0,0,0
2022-10-16 21:45,9,4,5,0,0,0
2022-10-16 22:00,11,7,4,0,0,0
2022-10-16 22:15,8,5,3,0,0,0
2022-10-16 22:30,9,6,3,0,0,0
2022-10-16 22:45,3,2,1,0,0,0
2022-10-16 23:00,7,3,4,0,0,0
2022-10-16 23:15,8,4,4,0,0,0
2022-10-16 23:30,6,4,2,0,0,0
2022-10-16 23:45,6,1,5,0,0,0
2022-10-17 00:00,3,2,1,0,0,0
2022-10-17 00:15,2,1,1,0,0,0
2022-10-17 00:30,0,0,0,0,0,0
2022-10-17 00:45,2,1,1,0,0,0
2022-10-17 01:00,1,1,0,0,0,0
2022-10-17 01:15,2,1,1,0,0,0
2022-10-17 01:30,0,0,0,0,0,0
2022-10-17 01:45,0,0,0,0,0,0
2022-10-17 02:00,2,0,2,0,0,0
2022-10-17 02:15,0,0,0,0,0,0
2022-10-17 02:30,2,1,1,0,0,0
2022-10-17 02:45,0,0,0,0,0,0
2022-10-17 03:00,0,0,0,0,0,0
2022-10-17 03:15,1,1,0,0,0,0
2022-10-17 03:30,0,0,0,0,0,0
2022-10-17 03:45,0,0,0,0,0,0
2022-10-17 04:00,0,0,0,0,0,0
2022-10-17 04:15,2,1,1,0,0,0
2022-10-17 04:30,1,1,0,0,0,0
2022-10-17 04:45,3,2,1,0,0,0
2022-10-17 05:00,0,0,0,0,0,0
2022-10-17 05:15,5,4,1,0,0,0
2022-10-17 05:30,11,7,4,0,0,0
2022-10-17 05:45,9,5,4,0,0,0
2022-10-17 06:00,10,7,3,0,0,0
2022-10-17 06:15,18,9,9,0,0,0
2022-10-17 06:30,21,9,12,0,0,0
2022-10-17 06:45,45,22,23,0,0,0
2022-10-17 07:00,64,37,27,0,0,0
2022-10-17 07:15,73,49,24,0,0,0
2022-10-17 07:30,174,120,54,0,0,0
2022-10-17 07:45,133,80,53,0,0,0
2022-10-17 08:00,111,71,40,0,0,0
2022-10-17 08:15,83,51,32,0,0,0
2022-10-17 08:30,59,39,20,0,0,0
2022-10-17 08:45,76,47,29,0,0,0
2022-10-17 09:00,41,26,15,0,0,0
2022-10-17 09:15,56,39,17,0,0,0
2022-10-17 09:30,48,29,19,0,0,0
2022-10-17 09:45,98,74,24,0,0,0
2022-10-17 10:00,66,46,20,0,0,0
2022-10-17 10:15,31,21,10,0,0,0
2022-10-17 10:30,38,25,13,0,0,0
2022-10-17 10:45,42,29,13,0,0,0
2022-10-17 11:00,41,28,13,0,0,0
2022-10-17 11:15,48,33,15,0,0,0
2022-10-17 11:30,60,40,20,0,0,0
2022-10-17 11:45,73,44,29,0,0,0
2022-10-17 12:00,92,65,27,0,0,0
2022-10-17 12:15,49,29,20,0,0,0
2022-10-17 12:30,54,29,25,0,0,0
2022-10-17 12:45,60,40,20,0,0,0
2022-10-17 13:00,55,32,23,0,0,0
2022-10-17 13:15,55,26,29,0,0,0
2022-10-17 13:30,60,36,24,0,0,0
2022-10-17 13:45,78,50,28,0,0,0
2022-10-17 14:00,65,34,31,0,0,0
2022-10-17 14:15,49,26,23,0,0,0
2022-10-17 14:30,59,38,21,0,0,0
2022-10-17 14:45,64,40,24,0,0,0
2022-10-17 15:00,57,31,26,0,0,0
2022-10-17 15:15,67,35,32,0,0,0
2022-10-17 15:30,85,52,33,0,0,0
2022-10-17 15:45,103,56,47,0,0,0
2022-10-17 16:00,104,65,39,0,0,0
2022-10-17 16:15,75,46,29,0,0,0
2022-10-17 16:30,85,45,40,0,0,0
2022-10-17 16:45,71,40,31,0,0,0
2022-10-17 17:00,80,47,33,0,0,0
2022-10-17 17:15,87,59,28,0,0,0
2022-10-17 17:30,80,56,24,0,0,0
2022-10-17 17:45,127,57,70,0,0,0
2022-10-17 18:00,96,48,48,0,0,0
2022-10-17 18:15,71,37,34,0,0,0
2022-10-17 18:30,58,29,29,0,0,0
2022-10-17 18:45,56,31,25,0,0,0
2022-10-17 19:00,42,18,24,0,0,0
2022-10-17 19:15,65,32,33,0,0,0
2022-10-17 19:30,48,25,23,0,0,0
2022-10-17 19:45,54,31,23,0,0,0
2022-10-17 20:00,42,22,20,0,0,0
2022-10-17 20:15,43,19,24,0,0,0
2022-10-17 20:30,28,18,10,0,0,0
2022-10-17 20:45,21,8,13,0,0,0
2022-10-17 21:00,26,13,13,0,0,0
2022-10-17 21:15,31,18,13,0,0,0
2022-10-17 21:30,21,8,13,0,0,0
2022-10-17 21:45,26,15,11,0,0,0
2022-10-17 22:00,20,13,7,0,0,0
2022-10-17 22:15,28,18,10,0,0,0
2022-10-17 22:30,17,11,6,0,0,0
2022-10-17 22:45,10,5,5,0,0,0
2022-10-17 23:00,13,6,7,0,0,0
2022-10-17 23:15,16,6,10,0,0,0
2022-10-17 23:30,4,1,3,0,0,0
2022-10-17 23:45,4,3,1,0,0,0
2022-10-18 00:00,9,5,4,0,0,0
2022-10-18 00:15,4,2,2,0,0,0
2022-10-18 00:30,4,2,2,0,0,0
2022-10-18 00:45,2,0,2,0,0,0
2022-10-18 01:00,4,2,2,0,0,0
2022-10-18 01:15,7,1,6,0,0,0
2022-10-18 01:30,0,0,0,0,0,0
2022-10-18 01:45,1,0,1,0,0,0
2022-10-18 02:00,3,0,3,0,0,0
2022-10-18 02:15,0,0,0,0,0,0
2022-10-18 02:30,2,1,1,0,0,0
2022-10-18 02:45,1,1,0,0,0,0
2022-10-18 03:00,1,0,1,0,0,0
2022-10-18 03:15,3,1,2,0,0,0
2022-10-18 03:30,0,0,0,0,0,0
2022-10-18 03:45,2,2,0,0,0,0
2022-10-18 04:00,1,1,0,0,0,0
2022-10-18 04:15,1,1,0,0,0,0
2022-10-18 04:30,2,1,1,0,0,0
2022-10-18 04:45,4,3,1,0,0,0
2022-10-18 05:00,0,0,0,0,0,0
2022-10-18 05:15,5,4,1,0,0,0
2022-10-18 05:30,11,6,5,0,0,0
2022-10-18 05:45,10,7,3,0,0,0
2022-10-18 06:00,5,4,1,0,0,0
2022-10-18 06:15,20,11,9,0,0,0
2022-10-18 06:30,38,14,24,0,0,0
2022-10-18 06:45,48,24,24,0,0,0
2022-10-18 07:00,39,22,17,0,0,0
2022-10-18 07:15,83,55,28,0,0,0
2022-10-18 07:30,184,127,57,0,0,0
2022-10-18 07:45,180,85,95,0,0,0
2022-10-18 08:00,130,65,65,0,0,0
2022-10-18 08:15,87,47,40,0,0,0
2022-10-18 08:30,83,56,27,0,0,0
2022-10-18 08:45,81,42,39,0,0,0
2022-10-18 09:00,43,33,10,0,0,0
2022-10-18 09:15,54,40,14,0,0,0
2022-10-18 09:30,41,32,9,0,0,0
2022-10-18 09:45,105,71,34,0,0,0
2022-10-18 10:00,53,36,17,0,0,0
2022-10-18 10:15,47,27,20,0,0,0
2022-10-18 10:30,43,30,13,0,0,0
2022-10-18 10:45,42,28,14,0,0,0
2022-10-18 11:00,40,29,11,0,0,0
2022-10-18 11:15,41,24,17,0,0,0
2022-10-18 11:30,51,36,15,0,0,0
2022-10-18 11:45,89,56,33,0,0,0
2022-10-18 12:00,72,48,24,0,0,0
2022-10-18 12:15,65,44,21,0,0,0
2022-10-18 12:30,49,31,18,0,0,0
2022-10-18 12:45,59,42,17,0,0,0
2022-10-18 13:00,56,33,23,0,0,0
2022-10-18 13:15,56,21,35,0,0,0
2022-10-18 13:30,69,35,34,0,0,0
2022-10-18 13:45,104,65,39,0,0,0
2022-10-18 14:00,75,33,42,0,0,0
2022-10-18 14:15,54,28,26,0,0,0
2022-10-18 14:30,52,37,15,0,0,0
2022-10-18 14:45,65,39,26,0,0,0
2022-10-18 15:00,58,36,22,0,0,0
2022-10-18 15:15,75,45,30,0,0,0
2022-10-18 15:30,77,49,28,0,0,0
2022-10-18 15:45,118,82,36,0,0,0
2022-10-18 16:00,116,64,52,0,0,0
2022-10-18 16:15,87,58,29,0,0,0
2022-10-18 16:30,106,72,34,0,0,0
2022-10-18 16:45,100,73,27,0,0,0
2022-10-18 17:00,93,65,28,0,0,0
2022-10-18 17:15,86,61,25,0,0,0
2022-10-18 17:30,97,61,36,0,0,0
2022-10-18 17:45,120,53,67,0,0,0
2022-10-18 18:00,92,53,39,0,0,0
2022-10-18 18:15,86,57,29,0,0,0
2022-10-18 18:30,65,36,29,0,0,0
2022-10-18 18:45,68,47,21,0,0,0
2022-10-18 19:00,66,35,31,0,0,0
2022-10-18 19:15,71,38,33,0,0,0
2022-10-18 19:30,43,20,23,0,0,0
2022-10-18 19:45,52,26,26,0,0,0
2022-10-18 20:00,41,19,22,0,0,0
2022-10-18 20:15,33,17,16,0,0,0
2022-10-18 20:30,35,17,18,0,0,0
2022-10-18 20:45,28,14,14,0,0,0
2022-10-18 21:00,26,14,12,0,0,0
2022-10-18 21:15,38,20,18,0,0,0
2022-10-18 21:30,23,13,10,0,0,0
2022-10-18 21:45,20,8,12,0,0,0
2022-10-18 22:00,27,16,11,0,0,0
2022-10-18 22:15,20,8,12,0,0,0
2022-10-18 22:30,14,9,5,0,0,0
2022-10-18 22:45,18,4,14,0,0,0
2022-10-18 23:00,13,5,8,0,0,0
2022-10-18 23:15,19,10,9,0,0,0
2022-10-18 23:30,8,4,4,0,0,0
2022-10-18 23:45,7,3,4,0,0,0
2022-10-19 00:00,9,5,4,0,0,0
2022-10-19 00:15,6,1,5,0,0,0
2022-10-19 00:30,3,1,2,0,0,0
2022-10-19 00:45,1,1,0,0,0,0
2022-10-19 01:00,6,2,4,0,0,0
2022-10-19 01:15,2,0,2,0,0,0
2022-10-19 01:30,0,0,0,0,0,0
2022-10-19 01:45,0,0,0,0,0,0
2022-10-19 02:00,2,0,2,0,0,0
2022-10-19 02:15,1,0,1,0,0,0
2022-10-19 02:30,1,0,1,0,0,0
2022-10-19 02:45,2,1,1,0,0,0
2022-10-19 03:00,1,0,1,0,0,0
2022-10-19 03:15,1,1,0,0,0,0
2022-10-19 03:30,0,0,0,0,0,0
2022-10-19 03:45,0,0,0,0,0,0
2022-10-19 04:00,1,1,0,0,0,0
2022-10-19 04:15,2,2,0,0,0,0
2022-10-19 04:30,1,1,0,0,0,0
2022-10-19 04:45,5,4,1,0,0,0
2022-10-19 05:00,4,2,2,0,0,0
2022-10-19 05:15,7,5,2,0,0,0
2022-10-19 05:30,10,4,6,0,0,0
2022-10-19 05:45,12,6,6,0,0,0
2022-10-19 06:00,4,3,1,0,0,0
2022-10-19 06:15,31,15,16,0,0,0
2022-10-19 06:30,29,15,14,0,0,0
2022-10-19 06:45,59,37,22,0,0,0
2022-10-19 07:00,55,30,25,0,0,0
2022-10-19 07:15,86,63,23,0,0,0
2022-10-19 07:30,169,107,62,0,0,0
2022-10-19 07:45,183,94,89,0,0,0
2022-10-19 08:00,126,73,53,0,0,0
2022-10-19 08:15,82,47,35,0,0,0
2022-10-19 08:30,77,49,28,0,0,0
2022-10-19 08:45,94,63,31,0,0,0
2022-10-19 09:00,44,25,19,0,0,0
2022-10-19 09:15,39,32,7,0,0,0
2022-10-19 09:30,61,45,16,0,0,0
2022-10-19 09:45,65,45,20,0,0,0
2022-10-19 10:00,75,54,21,0,0,0
2022-10-19 10:15,51,38,13,0,0,0
2022-10-19 10:30,44,29,15,0,0,0
2022-10-19 10:45,46,38,8,0,0,0
2022-10-19 11:00,33,20,13,0,0,0
2022-10-19 11:15,47,34,13,0,0,0
2022-10-19 11:30,51,32,19,0,0,0
2022-10-19 11:45,76,48,28,0,0,0
2022-10-19 12:00,67,43,24,0,0,0
2022-10-19 12:15,77,50,27,0,0,0
2022-10-19 12:30,58,28,30,0,0,0
2022-10-19 12:45,59,39,20,0,0,0
2022-10-19 13:00,69,32,37,0,0,0
2022-10-19 13:15,49,30,19,0,0,0
2022-10-19 13:30,59,37,22,0,0,0
2022-10-19 13:45,73,41,32,0,0,0
2022-10-19 14:00,84,48,36,0,0,0
2022-10-19 14:15,61,32,29,0,0,0
2022-10-19 14:30,58,33,25,0,0,0
2022-10-19 14:45,80,52,28,0,0,0
2022-10-19 15:00,74,42,32,0,0,0
2022-10-19 15:15,52,35,17,0,0,0
2022-10-19 15:30,69,42,27,0,0,0
2022-10-19 15:45,129,72,57,0,0,0
2022-10-19 16:00,116,69,47,0,0,0
2022-10-19 16:15,100,52,48,0,0,0
2022-10-19 16:30,93,66,27,0,0,0
2022-10-19 16:45,87,58,29,0,0,0
2022-10-19 17:00,69,46,23,0,0,0
2022-10-19 17:15,84,60,24,0,0,0
2022-10-19 17:30,85,48,37,0,0,0
2022-10-19 17:45,104,68,36,0,0,0
2022-10-19 18:00,100,57,43,0,0,0
2022-10-19 18:15,70,47,23,0,0,0
2022-10-19 18:30,70,44,26,0,0,0
2022-10-19 18:45,68,42,26,0,0,0
2022-10-19 19:00,57,31,26,0,0,0
2022-10-19 19:15,73,37,36,0,0,0
2022-10-19 19:30,53,29,24,0,0,0
2022-10-19 19:45,62,33,29,0,0,0
2022-10-19 20:00,52,25,27,0,0,0
2022-10-19 20:15,44,25,19,0,0,0
2022-10-19 20:30,41,21,20,0,0,0
2022-10-19 20:45,30,15,15,0,0,0
2022-10-19 21:00,26,13,13,0,0,0
2022-10-19 21:15,24,8,16,0,0,0
2022-10-19 21:30,33,17,16,0,0,0
2022-10-19 21:45,33,18,15,0,0,0
2022-10-19 22:00,40,23,17,0,0,0
2022-10-19 22:15,29,11,18,0,0,0
2022-10-19 22:30,55,40,15,0,0,0
2022-10-19 22:45,35,22,13,0,0,0
2022-10-19 23:00,12,6,6,0,0,0
2022-10-19 23:15,12,9,3,0,0,0
2022-10-19 23:30,20,14,6,0,0,0
2022-10-19 23:45,26,22,4,0,0,0
2022-10-20 00:00,23,12,11,0,0,0
2022-10-20 00:15,11,4,7,0,0,0
2022-10-20 00:30,5,1,4,0,0,0
2022-10-20 00:45,5,0,5,0,0,0
2022-10-20 01:00,8,3,5,0,0,0
2022-10-20 01:15,11,2,9,0,0,0
2022-10-20 01:30,6,0,6,0,0,0
2022-10-20 01:45,8,2,6,0,0,0
2022-10-20 02:00,9,3,6,0,0,0
2022-10-20 02:15,8,0,8,0,0,0
2022-10-20 02:30,5,1,4,0,0,0
2022-10-20 02:45,3,1,2,0,0,0
2022-10-20 03:00,5,0,5,0,0,0
2022-10-20 03:15,2,1,1,0,0,0
2022-10-20 03:30,3,1,2,0,0,0
2022-10-20 03:45,9,2,7,0,0,0
2022-10-20 04:00,3,1,2,0,0,0
2022-10-20 04:15,5,3,2,0,0,0
2022-10-20 04:30,7,5,2,0,0,0
2022-10-20 04:45,5,4,1,0,0,0
2022-10-20 05:00,0,0,0,0,0,0
2022-10-20 05:15,6,3,3,0,0,0
2022-10-20 05:30,8,3,5,0,0,0
2022-10-20 05:45,13,8,5,0,0,0
2022-10-20 06:00,9,7,2,0,0,0
2022-10-20 06:15,22,10,12,0,0,0
2022-10-20 06:30,28,15,13,0,0,0
2022-10-20 06:45,38,23,15,0,0,0
2022-10-20 07:00,45,30,15,0,0,0
2022-10-20 07:15,79,52,27,0,0,0
2022-10-20 07:30,174,110,64,0,0,0
2022-10-20 07:45,163,84,79,0,0,0
2022-10-20 08:00,85,48,37,0,0,0
2022-10-20 08:15,78,47,31,0,0,0
2022-10-20 08:30,70,40,30,0,0,0
2022-10-20 08:45,71,43,28,0,0,0
2022-10-20 09:00,38,22,16,0,0,0
2022-10-20 09:15,45,31,14,0,0,0
2022-10-20 09:30,48,27,21,0,0,0
2022-10-20 09:45,81,62,19,0,0,0
2022-10-20 10:00,66,47,19,0,0,0
2022-10-20 10:15,40,31,9,0,0,0
2022-10-20 10:30,43,28,15,0,0,0
2022-10-20 10:45,41,29,12,0,0,0
2022-10-20 11:00,41,29,12,0,0,0
2022-10-20 11:15,37,25,12,0,0,0
2022-10-20 11:30,42,22,20,0,0,0
2022-10-20 11:45,83,50,33,0,0,0
2022-10-20 12:00,77,40,37,0,0,0
2022-10-20 12:15,58,37,21,0,0,0
2022-10-20 12:30,77,34,43,0,0,0
2022-10-20 12:45,63,42,21,0,0,0
2022-10-20 13:00,40,19,21,0,0,0
2022-10-20 13:15,51,26,25,0,0,0
2022-10-20 13:30,44,23,21,0,0,0
2022-10-20 13:45,83,45,38,0,0,0
2022-10-20 14:00,74,42,32,0,0,0
2022-10-20 14:15,52,21,31,0,0,0
2022-10-20 14:30,46,32,14,0,0,0
2022-10-20 14:45,75,40,35,0,0,0
2022-10-20 15:00,45,17,28,0,0,0
2022-10-20 15:15,62,34,28,0,0,0
2022-10-20 15:30,77,45,32,0,0,0
2022-10-20 15:45,100,53,47,0,0,0
2022-10-20 16:00,91,56,35,0,0,0
2022-10-20 16:15,72,44,28,0,0,0
2022-10-20 16:30,73,51,22,0,0,0
2022-10-20 16:45,87,63,24,0,0,0
2022-10-20 17:00,66,42,24,0,0,0
2022-10-20 17:15,76,47,29,0,0,0
2022-10-20 17:30,63,41,22,0,0,0
2022-10-20 17:45,81,53,28,0,0,0
2022-10-20 18:00,80,52,28,0,0,0
2022-10-20 18:15,63,32,31,0,0,0
2022-10-20 18:30,53,36,17,0,0,0
2022-10-20 18:45,66,46,20,0,0,0
2022-10-20 19:00,50,27,23,0,0,0
2022-10-20 19:15,53,29,24,0,0,0
2022-10-20 19:30,40,21,19,0,0,0
2022-10-20 19:45,49,27,22,0,0,0
2022-10-20 20:00,41,19,22,0,0,0
2022-10-20 20:15,34,19,15,0,0,0
2022-10-20 20:30,36,24,12,0,0,0
2022-10-20 20:45,18,8,10,0,0,0
2022-10-20 21:00,24,14,10,0,0,0
2022-10-20 21:15,22,12,10,0,0,0
2022-10-20 21:30,24,15,9,0,0,0
2022-10-20 21:45,23,12,11,0,0,0
2022-10-20 22:00,23,11,12,0,0,0
2022-10-20 22:15,23,12,11,0,0,0
2022-10-20 22:30,33,12,21,0,0,0
2022-10-20 22:45,17,4,13,0,0,0
2022-10-20 23:00,20,7,13,0,0,0
2022-10-20 23:15,12,3,9,0,0,0
2022-10-20 23:30,13,5,8,0,0,0
2022-10-20 23:45,13,3,10,0,0,0
2022-10-21 00:00,21,7,14,0,0,0
2022-10-21 00:15,8,4,4,0,0,0
2022-10-21 00:30,4,3,1,0,0,0
2022-10-21 00:45,4,3,1,0,0,0
2022-10-21 01:00,3,1,2,0,0,0
2022-10-21 01:15,5,0,5,0,0,0
2022-10-21 01:30,1,0,1,0,0,0
2022-10-21 01:45,1,1,0,0,0,0
2022-10-21 02:00,7,2,5,0,0,0
2022-10-21 02:15,2,2,0,0,0,0
2022-10-21 02:30,6,4,2,0,0,0
2022-10-21 02:45,3,1,2,0,0,0
2022-10-21 03:00,0,0,0,0,0,0
2022-10-21 03:15,1,1,0,0,0,0
2022-10-21 03:30,1,0,1,0,0,0
2022-10-21 03:45,1,1,0,0,0,0
2022-10-21 04:00,1,1,0,0,0,0
2022-10-21 04:15,1,0,1,0,0,0
2022-10-21 04:30,2,2,0,0,0,0
2022-10-21 04:45,5,3,2,0,0,0
2022-10-21 05:00,3,3,0,0,0,0
2022-10-21 05:15,3,2,1,0,0,0
2022-10-21 05:30,4,2,2,0,0,0
2022-10-21 05:45,7,6,1,0,0,0
2022-10-21 06:00,7,6,1,0,0,0
2022-10-21 06:15,13,7,6,0,0,0
2022-10-21 06:30,27,15,12,0,0,0
2022-10-21 06:45,41,20,21,0,0,0
2022-10-21 07:00,42,24,18,0,0,0
2022-10-21 07:15,62,47,15,0,0,0
2022-10-21 07:30,130,93,37,0,0,0
2022-10-21 07:45,113,64,49,0,0,0
2022-10-21 08:00,57,38,19,0,0,0
2022-10-21 08:15,63,36,27,0,0,0
2022-10-21 08:30,58,39,19,0,0,0
2022-10-21 08:45,86,56,30,0,0,0
2022-10-21 09:00,43,26,17,0,0,0
2022-10-21 09:15,49,34,15,0,0,0
2022-10-21 09:30,51,34,17,0,0,0
2022-10-21 09:45,68,49,19,0,0,0
2022-10-21 10:00,55,35,20,0,0,0
2022-10-21 10:15,37,26,11,0,0,0
2022-10-21 10:30,35,28,7,0,0,0
2022-10-21 10:45,48,33,15,0,0,0
2022-10-21 11:00,47,36,11,0,0,0
2022-10-21 11:15,42,29,13,0,0,0
2022-10-21 11:30,45,32,13,0,0,0
2022-10-21 11:45,45,29,16,0,0,0
2022-10-21 12:00,58,38,20,0,0,0
2022-10-21 12:15,79,45,34,0,0,0
2022-10-21 12:30,56,27,29,0,0,0
2022-10-21 12:45,67,45,22,0,0,0
2022-10-21 13:00,53,26,27,0,0,0
2022-10-21 13:15,57,24,33,0,0,0
2022-10-21 13:30,56,34,22,0,0,0
2022-10-21 13:45,65,40,25,0,0,0
2022-10-21 14:00,54,25,29,0,0,0
2022-10-21 14:15,44,28,16,0,0,0
2022-10-21 14:30,56,30,26,0,0,0
2022-10-21 14:45,81,48,33,0,0,0
2022-10-21 15:00,63,40,23,0,0,0
2022-10-21 15:15,48,31,17,0,0,0
2022-10-21 15:30,54,32,22,0,0,0
2022-10-21 15:45,65,42,23,0,0,0
2022-10-21 16:00,69,45,24,0,0,0
2022-10-21 16:15,64,37,27,0,0,0
2022-10-21 16:30,62,40,22,0,0,0
2022-10-21 16:45,40,27,13,0,0,0
2022-10-21 17:00,44,23,21,0,0,0
2022-10-21 17:15,51,32,19,0,0,0
2022-10-21 17:30,56,43,13,0,0,0
2022-10-21 17:45,79,56,23,0,0,0
2022-10-21 18:00,52,29,23,0,0,0
2022-10-21 18:15,49,25,24,0,0,0
2022-10-21 18:30,39,23,16,0,0,0
2022-10-21 18:45,70,40,30,0,0,0
2022-10-21 19:00,49,26,23,0,0,0
2022-10-21 19:15,50,26,24,0,0,0
2022-10-21 19:30,52,28,24,0,0,0
2022-10-21 19:45,60,43,17,0,0,0
2022-10-21 20:00,51,29,22,0,0,0
2022-10-21 20:15,51,25,26,0,0,0
2022-10-21 20:30,31,12,19,0,0,0
2022-10-21 20:45,31,15,16,0,0,0
2022-10-21 21:00,33,21,12,0,0,0
2022-10-21 21:15,38,22,16,0,0,0
2022-10-21 21:30,35,21,14,0,0,0
2022-10-21 21:45,21,11,10,0,0,0
2022-10-21 22:00,26,17,9,0,0,0
2022-10-21 22:15,20,9,11,0,0,0
2022-10-21 22:30,28,18,10,0,0,0
2022-10-21 22:45,27,15,12,0,0,0
2022-10-21 23:00,16,7,9,0,0,0
2022-10-21 23:15,25,7,18,0,0,0
2022-10-21 23:30,9,4,5,0,0,0
2022-10-21 23:45,12,5,7,0,0,0
2022-10-22 00:00,18,9,9,0,0,0
2022-10-22 00:15,22,13,9,0,0,0
2022-10-22 00:30,20,9,11,0,0,0
2022-10-22 00:45,19,8,11,0,0,0
2022-10-22 01:00,20,7,13,0,0,0
2022-10-22 01:15,13,2,11,0,0,0
2022-10-22 01:30,15,6,9,0,0,0
2022-10-22 01:45,10,2,8,0,0,0
2022-10-22 02:00,14,6,8,0,0,0
2022-10-22 02:15,11,6,5,0,0,0
2022-10-22 02:30,9,0,9,0,0,0
2022-10-22 02:45,14,5,9,0,0,0
2022-10-22 03:00,6,4,2,0,0,0
2022-10-22 03:15,17,10,7,0,0,0
2022-10-22 03:30,7,3,4,0,0,0
2022-10-22 03:45,9,4,5,0,0,0
2022-10-22 04:00,4,3,1,0,0,0
2022-10-22 04:15,4,1,3,0,0,0
2022-10-22 04:30,5,0,5,0,0,0
2022-10-22 04:45,5,2,3,0,0,0
2022-10-22 05:00,4,2,2,0,0,0
2022-10-22 05:15,2,1,1,0,0,0
2022-10-22 05:30,5,4,1,0,0,0
2022-10-22 05:45,6,5,1,0,0,0
2022-10-22 06:00,3,2,1,0,0,0
2022-10-22 06:15,4,2,2,0,0,0
2022-10-22 06:30,2,1,1,0,0,0
2022-10-22 06:45,6,4,2,0,0,0
2022-10-22 07:00,6,4,2,0,0,0
2022-10-22 07:15,5,3,2,0,0,0
2022-10-22 07:30,13,6,7,0,0,0
2022-10-22 07:45,18,7,11,0,0,0
2022-10-22 08:00,14,8,6,0,0,0
2022-10-22 08:15,10,9,1,0,0,0
2022-10-22 08:30,12,10,2,0,0,0
2022-10-22 08:45,24,18,6,0,0,0
2022-10-22 09:00,24,22,2,0,0,0
2022-10-22 09:15,19,13,6,0,0,0
2022-10-22 09:30,36,23,13,0,0,0
2022-10-22 09:45,64,45,19,0,0,0
2022-10-22 10:00,50,32,18,0,0,0
2022-10-22 10:15,37,22,15,0,0,0
2022-10-22 10:30,49,42,7,0,0,0
2022-10-22 10:45,60,50,10,0,0,0
2022-10-22 11:00,32,21,11,0,0,0
2022-10-22 11:15,44,36,8,0,0,0
2022-10-22 11:30,49,38,11,0,0,0
2022-10-22 11:45,59,39,20,0,0,0
2022-10-22 12:00,46,30,16,0,0,0
2022-10-22 12:15,55,42,13,0,0,0
2022-10-22 12:30,52,32,20,0,0,0
2022-10-22 12:45,54,32,22,0,0,0
2022-10-22 13:00,44,26,18,0,0,0
2022-10-22 13:15,53,32,21,0,0,0
2022-10-22 13:30,50,26,24,0,0,0
2022-10-22 13:45,47,26,21,0,0,0
2022-10-22 14:00,59,35,24,0,0,0
2022-10-22 14:15,45,26,19,0,0,0
2022-10-22 14:30,45,23,22,0,0,0
2022-10-22 14:45,47,23,24,0,0,0
2022-10-22 15:00,44,29,15,0,0,0
2022-10-22 15:15,51,31,20,0,0,0
2022-10-22 15:30,52,37,15,0,0,0
2022-10-22 15:45,60,27,33,0,0,0
2022-10-22 16:00,33,20,13,0,0,0
2022-10-22 16:15,40,26,14,0,0,0
2022-10-22 16:30,54,36,18,0,0,0
2022-10-22 16:45,49,31,18,0,0,0
2022-10-22 17:00,37,20,17,0,0,0
2022-10-22 17:15,64,44,20,0,0,0
2022-10-22 17:30,45,24,21,0,0,0
2022-10-22 17:45,53,31,22,0,0,0
2022-10-22 18:00,40,21,19,0,0,0
2022-10-22 18:15,64,37,27,0,0,0
2022-10-22 18:30,46,25,21,0,0,0
2022-10-22 18:45,56,27,29,0,0,0
2022-10-22 19:00,53,29,24,0,0,0
2022-10-22 19:15,44,31,13,0,0,0
2022-10-22 19:30,40,27,13,0,0,0
2022-10-22 19:45,52,32,20,0,0,0
2022-10-22 20:00,43,29,14,0,0,0
2022-10-22 20:15,46,31,15,0,0,0
2022-10-22 20:30,44,18,26,0,0,0
2022-10-22 20:45,36,21,15,0,0,0
2022-10-22 21:00,20,10,10,0,0,0
2022-10-22 21:15,34,22,12,0,0,0
2022-10-22 21:30,24,16,8,0,0,0
2022-10-22 21:45,28,8,20,0,0,0
2022-10-22 22:00,31,15,16,0,0,0
2022-10-22 22:15,16,7,9,0,0,0
2022-10-22 22:30,14,7,7,0,0,0
2022-10-22 22:45,27,11,16,0,0,0
2022-10-22 23:00,30,7,23,0,0,0
2022-10-22 23:15,22,4,18,0,0,0
2022-10-22 23:30,20,5,15,0,0,0
2022-10-22 23:45,14,8,6,0,0,0
2022-10-23 00:00,14,9,5,0,0,0
2022-10-23 00:15,14,7,7,0,0,0
2022-10-23 00:30,14,4,10,0,0,0
2022-10-23 00:45,25,13,12,0,0,0
2022-10-23 01:00,21,13,8,0,0,0
2022-10-23 01:15,14,8,6,0,0,0
2022-10-23 01:30,9,5,4,0,0,0
2022-10-23 01:45,16,11,5,0,0,0
2022-10-23 02:00,13,3,10,0,0,0
2022-10-23 02:15,5,0,5,0,0,0
2022-10-23 02:30,7,4,3,0,0,0
2022-10-23 02:45,8,3,5,0,0,0
2022-10-23 03:00,3,1,2,0,0,0
2022-10-23 03:15,8,4,4,0,0,0
2022-10-23 03:30,6,0,6,0,0,0
2022-10-23 03:45,4,1,3,0,0,0
2022-10-23 04:00,4,0,4,0,0,0
2022-10-23 04:15,7,1,6,0,0,0
2022-10-23 04:30,3,1,2,0,0,0
2022-10-23 04:45,4,2,2,0,0,0
2022-10-23 05:00,3,1,2,0,0,0
2022-10-23 05:15,5,2,3,0,0,0
2022-10-23 05:30,4,2,2,0,0,0
2022-10-23 05:45,0,0,0,0,0,0
2022-10-23 06:00,0,0,0,0,0,0
2022-10-23 06:15,5,2,3,0,0,0
2022-10-23 06:30,2,2,0,0,0,0
2022-10-23 06:45,4,3,1,0,0,0
2022-10-23 07:00,2,1,1,0,0,0
2022-10-23 07:15,2,2,0,0,0,0
2022-10-23 07:30,5,2,3,0,0,0
2022-10-23 07:45,4,2,2,0,0,0
2022-10-23 08:00,8,6,2,0,0,0
2022-10-23 08:15,2,0,2,0,0,0
2022-10-23 08:30,6,6,0,0,0,0
2022-10-23 08:45,12,8,4,0,0,0
2022-10-23 09:00,8,6,2,0,0,0
2022-10-23 09:15,15,7,8,0,0,0
2022-10-23 09:30,23,15,8,0,0,0
2022-10-23 09:45,33,27,6,0,0,0
2022-10-23 10:00,26,17,9,0,0,0
2022-10-23 10:15,18,13,5,0,0,0
2022-10-23 10:30,19,12,7,0,0,0
2022-10-23 10:45,24,15,9,0,0,0
2022-10-23 11:00,24,17,7,0,0,0
2022-10-23 11:15,24,18,6,0,0,0
2022-10-23 11:30,26,16,10,0,0,0
2022-10-23 11:45,36,19,17,0,0,0
2022-10-23 12:00,22,14,8,0,0,0
2022-10-23 12:15,35,23,12,0,0,0
2022-10-23 12:30,36,23,13,0,0,0
2022-10-23 12:45,34,23,11,0,0,0
2022-10-23 13:00,37,26,11,0,0,0
2022-10-23 13:15,38,25,13,0,0,0
2022-10-23 13:30,49,27,22,0,0,0
2022-10-23 13:45,36,20,16,0,0,0
2022-10-23 14:00,41,26,15,0,0,0
2022-10-23 14:15,36,24,12,0,0,0
2022-10-23 14:30,39,23,16,0,0,0
2022-10-23 14:45,48,27,21,0,0,0
2022-10-23 15:00,34,25,9,0,0,0
2022-10-23 15:15,42,22,20,0,0,0
2022-10-23 15:30,44,29,15,0,0,0
2022-10-23 15:45,61,42,19,0,0,0
2022-10-23 16:00,35,18,17,0,0,0
2022-10-23 16:15,58,36,22,0,0,0
2022-10-23 16:30,51,31,20,0,0,0
2022-10-23 16:45,59,40,19,0,0,0
2022-10-23 17:00,48,38,10,0,0,0
2022-10-23 17:15,40,26,14,0,0,0
2022-10-23 17:30,45,33,12,0,0,0
2022-10-23 17:45,53,33,20,0,0,0
2022-10-23 18:00,38,20,18,0,0,0
2022-10-23 18:15,45,24,21,0,0,0
2022-10-23 18:30,55,26,29,0,0,0
2022-10-23 18:45,36,21,15,0,0,0
2022-10-23 19:00,34,20,14,0,0,0
2022-10-23 19:15,35,22,13,0,0,0
2022-10-23 19:30,23,9,14,0,0,0
2022-10-23 19:45,32,15,17,0,0,0
2022-10-23 20:00,20,9,11,0,0,0
2022-10-23 20:15,22,13,9,0,0,0
2022-10-23 20:30,22,7,15,0,0,0
2022-10-23 20:45,20,7,13,0,0,0
2022-10-23 21:00,20,11,9,0,0,0
2022-10-23 21:15,13,5,8,0,0,0
2022-10-23 21:30,12,3,9,0,0,0
2022-10-23 21:45,9,4,5,0,0,0
2022-10-23 22:00,16,8,8,0,0,0
2022-10-23 22:15,12,6,6,0,0,0
2022-10-23 22:30,15,6,9,0,0,0
2022-10-23 22:45,6,0,6,0,0,0
2022-10-23 23:00,3,2,1,0,0,0
2022-10-23 23:15,3,1,2,0,0,0
2022-10-23 23:30,3,1,2,0,0,0
2022-10-23 23:45,2,0,2,0,0,0
2022-10-24 00:00,4,2,2,0,0,0
2022-10-24 00:15,5,2,3,0,0,0
2022-10-24 00:30,1,1,0,0,0,0
2022-10-24 00:45,0,0,0,0,0,0
2022-10-24 01:00,3,0,3,0,0,0
2022-10-24 01:15,1,1,0,0,0,0
2022-10-24 01:30,1,0,1,0,0,0
2022-10-24 01:45,0,0,0,0,0,0
2022-10-24 02:00,3,0,3,0,0,0
2022-10-24 02:15,1,1,0,0,0,0
2022-10-24 02:30,1,0,1,0,0,0
2022-10-24 02:45,1,1,0,0,0,0
2022-10-24 03:00,1,0,1,0,0,0
2022-10-24 03:15,1,1,0,0,0,0
2022-10-24 03:30,0,0,0,0,0,0
2022-10-24 03:45,0,0,0,0,0,0
2022-10-24 04:00,1,1,0,0,0,0
2022-10-24 04:15,1,1,0,0,0,0
2022-10-24 04:30,1,1,0,0,0,0
2022-10-24 04:45,12,7,5,0,0,0
2022-10-24 05:00,0,0,0,0,0,0
2022-10-24 05:15,8,2,6,0,0,0
2022-10-24 05:30,7,4,3,0,0,0
2022-10-24 05:45,8,4,4,0,0,0
2022-10-24 06:00,7,5,2,0,0,0
2022-10-24 06:15,21,14,7,0,0,0
2022-10-24 06:30,27,14,13,0,0,0
2022-10-24 06:45,50,16,34,0,0,0
2022-10-24 07:00,41,24,17,0,0,0
2022-10-24 07:15,84,48,36,0,0,0
2022-10-24 07:30,163,112,51,0,0,0
2022-10-24 07:45,154,92,62,0,0,0
2022-10-24 08:00,109,67,42,0,0,0
2022-10-24 08:15,97,54,43,0,0,0
2022-10-24 08:30,76,47,29,0,0,0
2022-10-24 08:45,77,45,32,0,0,0
2022-10-24 09:00,44,29,15,0,0,0
2022-10-24 09:15,53,36,17,0,0,0
2022-10-24 09:30,50,43,7,0,0,0
2022-10-24 09:45,86,60,26,0,0,0
2022-10-24 10:00,68,49,19,0,0,0
2022-10-24 10:15,41,30,11,0,0,0
2022-10-24 10:30,37,23,14,0,0,0
2022-10-24 10:45,38,26,12,0,0,0
2022-10-24 11:00,47,34,13,0,0,0
2022-10-24 11:15,35,20,15,0,0,0
2022-10-24 11:30,47,26,21,0,0,0
2022-10-24 11:45,64,40,24,0,0,0
2022-10-24 12:00,76,57,19,0,0,0
2022-10-24 12:15,38,19,19,0,0,0
2022-10-24 12:30,59,30,29,0,0,0
2022-10-24 12:45,51,33,18,0,0,0
2022-10-24 13:00,49,29,20,0,0,0
2022-10-24 13:15,54,25,29,0,0,0
2022-10-24 13:30,61,39,22,0,0,0
2022-10-24 13:45,79,55,24,0,0,0
2022-10-24 14:00,66,31,35,0,0,0
2022-10-24 14:15,69,34,35,0,0,0
2022-10-24 14:30,54,37,17,0,0,0
2022-10-24 14:45,65,40,25,0,0,0
2022-10-24 15:00,65,42,23,0,0,0
2022-10-24 15:15,68,42,26,0,0,0
2022-10-24 15:30,74,50,24,0,0,0
2022-10-24 15:45,99,57,42,0,0,0
2022-10-24 16:00,122,80,42,0,0,0
2022-10-24 16:15,93,54,39,0,0,0
2022-10-24 16:30,90,59,31,0,0,0
2022-10-24 16:45,92,62,30,0,0,0
2022-10-24 17:00,96,64,32,0,0,0
2022-10-24 17:15,80,49,31,0,0,0
2022-10-24 17:30,90,57,33,0,0,0
2022-10-24 17:45,141,88,53,0,0,0
2022-10-24 18:00,117,64,53,0,0,0
2022-10-24 18:15,91,47,44,0,0,0
2022-10-24 18:30,74,33,41,0,0,0
2022-10-24 18:45,69,44,25,0,0,0
2022-10-24 19:00,79,43,36,0,0,0
2022-10-24 19:15,66,42,24,0,0,0
2022-10-24 19:30,74,43,31,0,0,0
2022-10-24 19:45,66,39,27,0,0,0
2022-10-24 20:00,42,22,20,0,0,0
2022-10-24 20:15,43,13,30,0,0,0
2022-10-24 20:30,32,7,25,0,0,0
2022-10-24 20:45,28,12,16,0,0,0
2022-10-24 21:00,34,15,19,0,0,0
2022-10-24 21:15,30,16,14,0,0,0
2022-10-24 21:30,29,15,14,0,0,0
2022-10-24 21:45,31,11,20,0,0,0
2022-10-24 22:00,23,9,14,0,0,0
2022-10-24 22:15,30,15,15,0,0,0
2022-10-24 22:30,29,12,17,0,0,0
2022-10-24 22:45,16,8,8,0,0,0
2022-10-24 23:00,14,4,10,0,0,0
2022-10-24 23:15,7,3,4,0,0,0
2022-10-24 23:30,8,1,7,0,0,0
2022-10-24 23:45,8,3,5,0,0,0
2022-10-25 00:00,8,1,7,0,0,0
2022-10-25 00:15,10,1,9,0,0,0
2022-10-25 00:30,8,1,7,0,0,0
2022-10-25 00:45,10,4,6,0,0,0
2022-10-25 01:00,5,0,5,0,0,0
2022-10-25 01:15,10,2,8,0,0,0
2022-10-25 01:30,7,1,6,0,0,0
2022-10-25 01:45,3,1,2,0,0,0
2022-10-25 02:00,6,0,6,0,0,0
2022-10-25 02:15,2,0,2,0,0,0
2022-10-25 02:30,1,0,1,0,0,0
2022-10-25 02:45,4,3,1,0,0,0
2022-10-25 03:00,3,2,1,0,0,0
2022-10-25 03:15,6,1,5,0,0,0
2022-10-25 03:30,3,0,3,0,0,0
2022-10-25 03:45,2,0,2,0,0,0
2022-10-25 04:00,2,2,0,0,0,0
2022-10-25 04:15,0,0,0,0,0,0
2022-10-25 04:30,3,3,0,0,0,0
2022-10-25 04:45,10,7,3,0,0,0
2022-10-25 05:00,1,1,0,0,0,0
2022-10-25 05:15,8,4,4,0,0,0
2022-10-25 05:30,15,9,6,0,0,0
2022-10-25 05:45,14,10,4,0,0,0
2022-10-25 06:00,8,4,4,0,0,0
2022-10-25 06:15,23,17,6,0,0,0
2022-10-25 06:30,34,11,23,0,0,0
2022-10-25 06:45,41,17,24,0,0,0
2022-10-25 07:00,57,26,31,0,0,0
2022-10-25 07:15,75,46,29,0,0,0
2022-10-25 07:30,181,120,61,0,0,0
2022-10-25 07:45,184,90,94,0,0,0
2022-10-25 08:00,133,71,62,0,0,0
2022-10-25 08:15,106,60,46,0,0,0
2022-10-25 08:30,84,51,33,0,0,0
2022-10-25 08:45,76,46,30,0,0,0
2022-10-25 09:00,56,42,14,0,0,0
2022-10-25 09:15,56,36,20,0,0,0
2022-10-25 09:30,55,44,11,0,0,0
2022-10-25 09:45,85,61,24,0,0,0
2022-10-25 10:00,69,42,27,0,0,0
2022-10-25 10:15,42,28,14,0,0,0
2022-10-25 10:30,43,29,14,0,0,0
2022-10-25 10:45,43,36,7,0,0,0
2022-10-25 11:00,36,28,8,0,0,0
2022-10-25 11:15,42,29,13,0,0,0
2022-10-25 11:30,54,27,27,0,0,0
2022-10-25 11:45,85,54,31,0,0,0
2022-10-25 12:00,90,56,34,0,0,0
2022-10-25 12:15,39,24,15,0,0,0
2022-10-25 12:30,57,31,26,0,0,0
2022-10-25 12:45,61,40,21,0,0,0
2022-10-25 13:00,54,26,28,0,0,0
2022-10-25 13:15,62,30,32,0,0,0
2022-10-25 13:30,66,41,25,0,0,0
2022-10-25 13:45,84,52,32,0,0,0
2022-10-25 14:00,91,43,48,0,0,0
2022-10-25 14:15,60,35,25,0,0,0
2022-10-25 14:30,63,37,26,0,0,0
2022-10-25 14:45,62,33,29,0,0,0
2022-10-25 15:00,62,41,21,0,0,0
2022-10-25 15:15,69,41,28,0,0,0
2022-10-25 15:30,79,45,34,0,0,0
2022-10-25 15:45,114,78,36,0,0,0
2022-10-25 16:00,122,74,48,0,0,0
2022-10-25 16:15,124,75,49,0,0,0
2022-10-25 16:30,113,82,31,0,0,0
2022-10-25 16:45,118,90,28,0,0,0
2022-10-25 17:00,76,53,23,0,0,0
2022-10-25 17:15,97,61,36,0,0,0
2022-10-25 17:30,106,74,32,0,0,0
2022-10-25 17:45,144,74,70,0,0,0
2022-10-25 18:00,102,63,39,0,0,0
2022-10-25 18:15,108,59,49,0,0,0
2022-10-25 18:30,73,51,22,0,0,0
2022-10-25 18:45,70,33,37,0,0,0
2022-10-25 19:00,68,35,33,0,0,0
2022-10-25 19:15,68,35,33,0,0,0
2022-10-25 19:30,57,25,32,0,0,0
2022-10-25 19:45,56,18,38,0,0,0
2022-10-25 20:00,41,18,23,0,0,0
2022-10-25 20:15,48,24,24,0,0,0
2022-10-25 20:30,38,13,25,0,0,0
2022-10-25 20:45,45,31,14,0,0,0
2022-10-25 21:00,46,23,23,0,0,0
2022-10-25 21:15,25,16,9,0,0,0
2022-10-25 21:30,21,5,16,0,0,0
2022-10-25 21:45,36,18,18,0,0,0
2022-10-25 22:00,22,7,15,0,0,0
2022-10-25 22:15,26,7,19,0,0,0
2022-10-25 22:30,11,4,7,0,0,0
2022-10-25 22:45,19,12,7,0,0,0
2022-10-25 23:00,20,14,6,0,0,0
2022-10-25 23:15,11,1,10,0,0,0
2022-10-25 23:30,12,3,9,0,0,0
2022-10-25 23:45,17,12,5,0,0,0
2022-10-26 00:00,9,5,4,0,0,0
2022-10-26 00:15,9,4,5,0,0,0
2022-10-26 00:30,5,3,2,0,0,0
2022-10-26 00:45,7,3,4,0,0,0
2022-10-26 01:00,4,2,2,0,0,0
2022-10-26 01:15,10,0,10,0,0,0
2022-10-26 01:30,1,1,0,0,0,0
2022-10-26 01:45,4,2,2,0,0,0
2022-10-26 02:00,2,0,2,0,0,0
2022-10-26 02:15,0,0,0,0,0,0
2022-10-26 02:30,0,0,0,0,0,0
2022-10-26 02:45,1,0,1,0,0,0
2022-10-26 03:00,4,2,2,0,0,0
2022-10-26 03:15,2,1,1,0,0,0
2022-10-26 03:30,0,0,0,0,0,0
2022-10-26 03:45,0,0,0,0,0,0
2022-10-26 04:00,1,1,0,0,0,0
2022-10-26 04:15,0,0,0,0,0,0
2022-10-26 04:30,3,3,0,0,0,0
2022-10-26 04:45,8,5,3,0,0,0
2022-10-26 05:00,2,1,1,0,0,0
2022-10-26 05:15,5,5,0,0,0,0
2022-10-26 05:30,8,4,4,0,0,0
2022-10-26 05:45,10,6,4,0,0,0
2022-10-26 06:00,10,7,3,0,0,0
2022-10-26 06:15,25,13,12,0,0,0
2022-10-26 06:30,30,16,14,0,0,0
2022-10-26 06:45,63,34,29,0,0,0
2022-10-26 07:00,58,35,23,0,0,0
2022-10-26 07:15,88,54,34,0,0,0
2022-10-26 07:30,167,99,68,0,0,0
2022-10-26 07:45,141,72,69,0,0,0
2022-10-26 08:00,144,84,60,0,0,0
2022-10-26 08:15,92,53,39,0,0,0
2022-10-26 08:30,86,48,38,0,0,0
2022-10-26 08:45,93,61,32,0,0,0
2022-10-26 09:00,45,34,11,0,0,0
2022-10-26 09:15,50,35,15,0,0,0
2022-10-26 09:30,68,48,20,0,0,0
2022-10-26 09:45,81,54,27,0,0,0
2022-10-26 10:00,62,48,14,0,0,0
2022-10-26 10:15,46,38,8,0,0,0
2022-10-26 10:30,42,31,11,0,0,0
2022-10-26 10:45,44,33,11,0,0,0
2022-10-26 11:00,43,21,22,0,0,0
2022-10-26 11:15,50,39,11,0,0,0
2022-10-26 11:30,44,31,13,0,0,0
2022-10-26 11:45,83,54,29,0,0,0
2022-10-26 12:00,68,38,30,0,0,0
2022-10-26 12:15,52,29,23,0,0,0
2022-10-26 12:30,70,36,34,0,0,0
2022-10-26 12:45,74,47,27,0,0,0
2022-10-26 13:00,56,30,26,0,0,0
2022-10-26 13:15,60,30,30,0,0,0
2022-10-26 13:30,62,33,29,0,0,0
2022-10-26 13:45,91,59,32,0,0,0
2022-10-26 14:00,82,49,33,0,0,0
2022-10-26 14:15,60,33,27,0,0,0
2022-10-26 14:30,85,45,40,0,0,0
2022-10-26 14:45,77,51,26,0,0,0
2022-10-26 15:00,90,58,32,0,0,0
2022-10-26 15:15,78,52,26,0,0,0
2022-10-26 15:30,76,54,22,0,0,0
2022-10-26 15:45,128,72,56,0,0,0
2022-10-26 16:00,128,79,49,0,0,0
2022-10-26 16:15,113,71,42,0,0,0
2022-10-26 16:30,110,66,44,0,0,0
2022-10-26 16:45,87,51,36,0,0,0
2022-10-26 17:00,103,79,24,0,0,0
2022-10-26 17:15,128,81,47,0,0,0
2022-10-26 17:30,122,76,46,0,0,0
2022-10-26 17:45,99,62,37,0,0,0
2022-10-26 18:00,100,52,48,0,0,0
2022-10-26 18:15,91,60,31,0,0,0
2022-10-26 18:30,76,44,32,0,0,0
2022-10-26 18:45,95,56,39,0,0,0
2022-10-26 19:00,84,53,31,0,0,0
2022-10-26 19:15,77,45,32,0,0,0
2022-10-26 19:30,57,28,29,0,0,0
2022-10-26 19:45,73,46,27,0,0,0
2022-10-26 20:00,48,24,24,0,0,0
2022-10-26 20:15,49,24,25,0,0,0
2022-10-26 20:30,51,24,27,0,0,0
2022-10-26 20:45,29,15,14,0,0,0
2022-10-26 21:00,36,8,28,0,0,0
2022-10-26 21:15,42,24,18,0,0,0
2022-10-26 21:30,56,26,30,0,0,0
2022-10-26 21:45,24,6,18,0,0,0
2022-10-26 22:00,41,14,27,0,0,0
2022-10-26 22:15,24,11,13,0,0,0
2022-10-26 22:30,16,7,9,0,0,0
2022-10-26 22:45,33,4,29,0,0,0
2022-10-26 23:00,36,12,24,0,0,0
2022-10-26 23:15,15,5,10,0,0,0
2022-10-26 23:30,13,2,11,0,0,0
2022-10-26 23:45,30,19,11,0,0,0
2022-10-27 00:00,8,2,6,0,0,0
2022-10-27 00:15,8,2,6,0,0,0
2022-10-27 00:30,6,1,5,0,0,0
2022-10-27 00:45,7,3,4,0,0,0
2022-10-27 01:00,7,1,6,0,0,0
2022-10-27 01:15,3,0,3,0,0,0
2022-10-27 01:30,8,1,7,0,0,0
2022-10-27 01:45,6,0,6,0,0,0
2022-10-27 02:00,6,0,6,0,0,0
2022-10-27 02:15,10,0,10,0,0,0
2022-10-27 02:30,4,0,4,0,0,0
2022-10-27 02:45,4,0,4,0,0,0
2022-10-27 03:00,5,2,3,0,0,0
2022-10-27 03:15,12,6,6,0,0,0
2022-10-27 03:30,3,1,2,0,0,0
2022-10-27 03:45,7,2,5,0,0,0
2022-10-27 04:00,2,1,1,0,0,0
2022-10-27 04:15,4,2,2,0,0,0
2022-10-27 04:30,5,3,2,0,0,0
2022-10-27 04:45,8,6,2,0,0,0
2022-10-27 05:00,0,0,0,0,0,0
2022-10-27 05:15,8,3,5,0,0,0
2022-10-27 05:30,7,3,4,0,0,0
2022-10-27 05:45,14,7,7,0,0,0
2022-10-27 06:00,5,3,2,0,0,0
2022-10-27 06:15,18,9,9,0,0,0
2022-10-27 06:30,26,14,12,0,0,0
2022-10-27 06:45,40,19,21,0,0,0
2022-10-27 07:00,45,22,23,0,0,0
2022-10-27 07:15,74,46,28,0,0,0
2022-10-27 07:30,172,103,69,0,0,0
2022-10-27 07:45,141,78,63,0,0,0
2022-10-27 08:00,117,71,46,0,0,0
2022-10-27 08:15,98,60,38,0,0,0
2022-10-27 08:30,89,46,43,0,0,0
2022-10-27 08:45,73,49,24,0,0,0
2022-10-27 09:00,46,30,16,0,0,0
2022-10-27 09:15,43,31,12,0,0,0
2022-10-27 09:30,57,46,11,0,0,0
2022-10-27 09:45,84,57,27,0,0,0
2022-10-27 10:00,74,68,6,0,0,0
2022-10-27 10:15,36,25,11,0,0,0
2022-10-27 10:30,38,28,10,0,0,0
2022-10-27 10:45,38,31,7,0,0,0
2022-10-27 11:00,38,25,13,0,0,0
2022-10-27 11:15,45,23,22,0,0,0
2022-10-27 11:30,31,20,11,0,0,0
2022-10-27 11:45,72,46,26,0,0,0
2022-10-27 12:00,88,43,45,0,0,0
2022-10-27 12:15,51,27,24,0,0,0
2022-10-27 12:30,56,30,26,0,0,0
2022-10-27 12:45,55,30,25,0,0,0
2022-10-27 13:00,58,32,26,0,0,0
2022-10-27 13:15,50,29,21,0,0,0
2022-10-27 13:30,63,41,22,0,0,0
2022-10-27 13:45,90,59,31,0,0,0
2022-10-27 14:00,88,54,34,0,0,0
2022-10-27 14:15,74,53,21,0,0,0
2022-10-27 14:30,58,34,24,0,0,0
2022-10-27 14:45,78,47,31,0,0,0
2022-10-27 15:00,78,51,27,0,0,0
2022-10-27 15:15,74,56,18,0,0,0
2022-10-27 15:30,96,80,16,0,0,0
2022-10-27 15:45,125,81,44,0,0,0
2022-10-27 16:00,108,82,26,0,0,0
2022-10-27 16:15,103,67,36,0,0,0
2022-10-27 16:30,100,68,32,0,0,0
2022-10-27 16:45,110,74,36,0,0,0
2022-10-27 17:00,100,65,35,0,0,0
2022-10-27 17:15,120,83,37,0,0,0
2022-10-27 17:30,110,57,53,0,0,0
2022-10-27 17:45,138,79,59,0,0,0
2022-10-27 18:00,113,67,46,0,0,0
2022-10-27 18:15,95,41,54,0,0,0
2022-10-27 18:30,76,53,23,0,0,0
2022-10-27 18:45,81,48,33,0,0,0
2022-10-27 19:00,73,42,31,0,0,0
2022-10-27 19:15,82,44,38,0,0,0
2022-10-27 19:30,66,43,23,0,0,0
2022-10-27 19:45,69,36,33,0,0,0
2022-10-27 20:00,61,26,35,0,0,0
2022-10-27 20:15,42,17,25,0,0,0
2022-10-27 20:30,45,20,25,0,0,0
2022-10-27 20:45,41,18,23,0,0,0
2022-10-27 21:00,33,12,21,0,0,0
2022-10-27 21:15,36,18,18,0,0,0
2022-10-27 21:30,24,12,12,0,0,0
2022-10-27 21:45,31,10,21,0,0,0
2022-10-27 22:00,40,23,17,0,0,0
2022-10-27 22:15,53,27,26,0,0,0
2022-10-27 22:30,32,13,19,0,0,0
2022-10-27 22:45,14,8,6,0,0,0
2022-10-27 23:00,14,3,11,0,0,0
2022-10-27 23:15,14,5,9,0,0,0
2022-10-27 23:30,8,2,6,0,0,0
2022-10-27 23:45,11,2,9,0,0,0
2022-10-28 00:00,12,2,10,0,0,0
2022-10-28 00:15,6,3,3,0,0,0
2022-10-28 00:30,9,3,6,0,0,0
2022-10-28 00:45,4,1,3,0,0,0
2022-10-28 01:00,5,0,5,0,0,0
2022-10-28 01:15,0,0,0,0,0,0
2022-10-28 01:30,4,1,3,0,0,0
2022-10-28 01:45,3,0,3,0,0,0
2022-10-28 02:00,1,0,1,0,0,0
2022-10-28 02:15,1,0,1,0,0,0
2022-10-28 02:30,4,1,3,0,0,0
2022-10-28 02:45,3,1,2,0,0,0
2022-10-28 03:00,2,0,2,0,0,0
2022-10-28 03:15,2,1,1,0,0,0
2022-10-28 03:30,1,0,1,0,0,0
2022-10-28 03:45,1,0,1,0,0,0
2022-10-28 04:00,2,1,1,0,0,0
2022-10-28 04:15,2,1,1,0,0,0
2022-10-28 04:30,3,2,1,0,0,0
2022-10-28 04:45,5,3,2,0,0,0
2022-10-28 05:00,1,0,1,0,0,0
2022-10-28 05:15,5,3,2,0,0,0
2022-10-28 05:30,7,6,1,0,0,0
2022-10-28 05:45,9,5,4,0,0,0
2022-10-28 06:00,7,4,3,0,0,0
2022-10-28 06:15,14,10,4,0,0,0
2022-10-28 06:30,25,12,13,0,0,0
2022-10-28 06:45,46,23,23,0,0,0
2022-10-28 07:00,53,24,29,0,0,0
2022-10-28 07:15,73,52,21,0,0,0
2022-10-28 07:30,144,82,62,0,0,0
2022-10-28 07:45,123,68,55,0,0,0
2022-10-28 08:00,96,58,38,0,0,0
2022-10-28 08:15,78,42,36,0,0,0
2022-10-28 08:30,75,49,26,0,0,0
2022-10-28 08:45,56,41,15,0,0,0
2022-10-28 09:00,50,36,14,0,0,0
2022-10-28 09:15,45,36,9,0,0,0
2022-10-28 09:30,52,41,11,0,0,0
2022-10-28 09:45,81,60,21,0,0,0
2022-10-28 10:00,53,33,20,0,0,0
2022-10-28 10:15,30,23,7,0,0,0
2022-10-28 10:30,34,18,16,0,0,0
2022-10-28 10:45,45,33,12,0,0,0
2022-10-28 11:00,40,27,13,0,0,0
2022-10-28 11:15,44,32,12,0,0,0
2022-10-28 11:30,48,34,14,0,0,0
2022-10-28 11:45,64,38,26,0,0,0
2022-10-28 12:00,78,52,26,0,0,0
2022-10-28 12:15,76,57,19,0,0,0
2022-10-28 12:30,81,53,28,0,0,0
2022-10-28 12:45,67,40,27,0,0,0
2022-10-28 13:00,68,41,27,0,0,0
2022-10-28 13:15,73,35,38,0,0,0
2022-10-28 13:30,61,36,25,0,0,0
2022-10-28 13:45,93,54,39,0,0,0
2022-10-28 14:00,87,49,38,0,0,0
2022-10-28 14:15,74,44,30,0,0,0
2022-10-28 14:30,87,55,32,0,0,0
2022-10-28 14:45,80,54,26,0,0,0
2022-10-28 15:00,60,35,25,0,0,0
2022-10-28 15:15,69,49,20,0,0,0
2022-10-28 15:30,68,44,24,0,0,0
2022-10-28 15:45,83,59,24,0,0,0
2022-10-28 16:00,81,54,27,0,0,0
2022-10-28 16:15,113,80,33,0,0,0
2022-10-28 16:30,84,47,37,0,0,0
2022-10-28 16:45,103,68,35,0,0,0
2022-10-28 17:00,76,55,21,0,0,0
2022-10-28 17:15,81,57,24,0,0,0
2022-10-28 17:30,74,48,26,0,0,0
2022-10-28 17:45,107,62,45,0,0,0
2022-10-28 18:00,88,51,37,0,0,0
2022-10-28 18:15,80,48,32,0,0,0
2022-10-28 18:30,77,52,25,0,0,0
2022-10-28 18:45,69,44,25,0,0,0
2022-10-28 19:00,56,38,18,0,0,0
2022-10-28 19:15,69,43,26,0,0,0
2022-10-28 19:30,71,43,28,0,0,0
2022-10-28 19:45,70,49,21,0,0,0
2022-10-28 20:00,65,54,11,0,0,0
2022-10-28 20:15,50,36,14,0,0,0
2022-10-28 20:30,61,39,22,0,0,0
2022-10-28 20:45,39,33,6,0,0,0
2022-10-28 21:00,33,21,12,0,0,0
2022-10-28 21:15,24,18,6,0,0,0
2022-10-28 21:30,23,15,8,0,0,0
2022-10-28 21:45,57,12,45,0,0,0
2022-10-28 22:00,48,6,42,0,0,0
2022-10-28 22:15,33,7,26,0,0,0
2022-10-28 22:30,43,13,30,0,0,0
2022-10-28 22:45,37,11,26,0,0,0
2022-10-28 23:00,33,10,23,0,0,0
2022-10-28 23:15,40,14,26,0,0,0
2022-10-28 23:30,30,6,24,0,0,0
2022-10-28 23:45,20,3,17,0,0,0
2022-10-29 00:00,29,0,29,0,0,0
2022-10-29 00:15,18,4,14,0,0,0
2022-10-29 00:30,25,10,15,0,0,0
2022-10-29 00:45,12,2,10,0,0,0
2022-10-29 01:00,14,4,10,0,0,0
2022-10-29 01:15,15,8,7,0,0,0
2022-10-29 01:30,12,6,6,0,0,0
2022-10-29 01:45,27,6,21,0,0,0
2022-10-29 02:00,14,3,11,0,0,0
2022-10-29 02:15,16,7,9,0,0,0
2022-10-29 02:30,6,2,4,0,0,0
2022-10-29 02:45,14,3,11,0,0,0
2022-10-29 03:00,17,4,13,0,0,0
2022-10-29 03:15,10,3,7,0,0,0
2022-10-29 03:30,4,2,2,0,0,0
2022-10-29 03:45,2,0,2,0,0,0
2022-10-29 04:00,6,3,3,0,0,0
2022-10-29 04:15,4,0,4,0,0,0
2022-10-29 04:30,4,0,4,0,0,0
2022-10-29 04:45,8,3,5,0,0,0
2022-10-29 05:00,5,1,4,0,0,0
2022-10-29 05:15,4,2,2,0,0,0
2022-10-29 05:30,3,2,1,0,0,0
2022-10-29 05:45,9,5,4,0,0,0
2022-10-29 06:00,4,2,2,0,0,0
2022-10-29 06:15,2,1,1,0,0,0
2022-10-29 06:30,4,2,2,0,0,0
2022-10-29 06:45,6,6,0,0,0,0
2022-10-29 07:00,4,2,2,0,0,0
2022-10-29 07:15,4,2,2,0,0,0
2022-10-29 07:30,18,5,13,0,0,0
2022-10-29 07:45,11,8,3,0,0,0
2022-10-29 08:00,13,7,6,0,0,0
2022-10-29 08:15,10,8,2,0,0,0
2022-10-29 08:30,17,12,5,0,0,0
2022-10-29 08:45,31,20,11,0,0,0
2022-10-29 09:00,20,17,3,0,0,0
2022-10-29 09:15,23,15,8,0,0,0
2022-10-29 09:30,28,22,6,0,0,0
2022-10-29 09:45,41,36,5,0,0,0
2022-10-29 10:00,41,36,5,0,0,0
2022-10-29 10:15,41,29,12,0,0,0
2022-10-29 10:30,45,31,14,0,0,0
2022-10-29 10:45,44,31,13,0,0,0
2022-10-29 11:00,55,41,14,0,0,0
2022-10-29 11:15,49,38,11,0,0,0
2022-10-29 11:30,49,35,14,0,0,0
2022-10-29 11:45,49,35,14,0,0,0
2022-10-29 12:00,61,48,13,0,0,0
2022-10-29 12:15,60,36,24,0,0,0
2022-10-29 12:30,50,33,17,0,0,0
2022-10-29 12:45,57,42,15,0,0,0
2022-10-29 13:00,34,23,11,0,0,0
2022-10-29 13:15,65,40,25,0,0,0
2022-10-29 13:30,63,50,13,0,0,0
2022-10-29 13:45,60,48,12,0,0,0
2022-10-29 14:00,65,41,24,0,0,0
2022-10-29 14:15,44,32,12,0,0,0
2022-10-29 14:30,56,25,31,0,0,0
2022-10-29 14:45,70,44,26,0,0,0
2022-10-29 15:00,67,51,16,0,0,0
2022-10-29 15:15,68,40,28,0,0,0
2022-10-29 15:30,46,25,21,0,0,0
2022-10-29 15:45,40,24,16,0,0,0
2022-10-29 16:00,65,35,30,0,0,0
2022-10-29 16:15,63,33,30,0,0,0
2022-10-29 16:30,66,41,25,0,0,0
2022-10-29 16:45,73,52,21,0,0,0
2022-10-29 17:00,54,30,24,0,0,0
2022-10-29 17:15,73,43,30,0,0,0
2022-10-29 17:30,68,38,30,0,0,0
2022-10-29 17:45,63,40,23,0,0,0
2022-10-29 18:00,84,53,31,0,0,0
2022-10-29 18:15,69,43,26,0,0,0
2022-10-29 18:30,50,24,26,0,0,0
2022-10-29 18:45,63,36,27,0,0,0
2022-10-29 19:00,46,25,21,0,0,0
2022-10-29 19:15,57,26,31,0,0,0
2022-10-29 19:30,62,40,22,0,0,0
2022-10-29 19:45,52,30,22,0,0,0
2022-10-29 20:00,39,17,22,0,0,0
2022-10-29 20:15,41,23,18,0,0,0
2022-10-29 20:30,30,25,5,0,0,0
2022-10-29 20:45,39,16,23,0,0,0
2022-10-29 21:00,21,7,14,0,0,0
2022-10-29 21:15,36,11,25,0,0,0
2022-10-29 21:30,34,21,13,0,0,0
2022-10-29 21:45,27,7,20,0,0,0
2022-10-29 22:00,22,10,12,0,0,0
2022-10-29 22:15,22,16,6,0,0,0
2022-10-29 22:30,17,4,13,0,0,0
2022-10-29 22:45,24,10,14,0,0,0
2022-10-29 23:00,22,6,16,0,0,0
2022-10-29 23:15,23,8,15,0,0,0
2022-10-29 23:30,23,7,16,0,0,0
2022-10-29 23:45,23,8,15,0,0,0
2022-10-30 00:00,18,6,12,0,0,0
2022-10-30 00:15,26,7,19,0,0,0
2022-10-30 00:30,24,13,11,0,0,0
2022-10-30 00:45,19,8,11,0,0,0
2022-10-30 01:00,18,6,12,0,0,0
2022-10-30 01:15,15,5,10,0,0,0
2022-10-30 01:30,13,6,7,0,0,0
2022-10-30 01:45,6,2,4,0,0,0
2022-10-30 02:00,16,6,10,0,0,0
2022-10-30 02:15,18,9,9,0,0,0
2022-10-30 02:30,17,2,15,0,0,0
2022-10-30 02:45,12,1,11,0,0,0
2022-10-30 03:00,7,3,4,0,0,0
2022-10-30 03:15,4,4,0,0,0,0
2022-10-30 03:30,3,1,2,0,0,0
2022-10-30 03:45,5,2,3,0,0,0
2022-10-30 04:00,2,1,1,0,0,0
2022-10-30 04:15,7,4,3,0,0,0
2022-10-30 04:30,0,0,0,0,0,0
2022-10-30 04:45,3,3,0,0,0,0
2022-10-30 05:00,2,1,1,0,0,0
2022-10-30 05:15,2,1,1,0,0,0
2022-10-30 05:30,1,0,1,0,0,0
2022-10-30 05:45,3,1,2,0,0,0
2022-10-30 06:00,4,2,2,0,0,0
2022-10-30 06:15,0,0,0,0,0,0
2022-10-30 06:30,3,2,1,0,0,0
2022-10-30 06:45,6,4,2,0,0,0
2022-10-30 07:00,1,0,1,0,0,0
2022-10-30 07:15,5,2,3,0,0,0
2022-10-30 07:30,2,1,1,0,0,0
2022-10-30 07:45,9,7,2,0,0,0
2022-10-30 08:00,6,5,1,0,0,0
2022-10-30 08:15,8,2,6,0,0,0
2022-10-30 08:30,12,10,2,0,0,0
2022-10-30 08:45,17,10,7,0,0,0
2022-10-30 09:00,24,16,8,0,0,0
2022-10-30 09:15,18,17,1,0,0,0
2022-10-30 09:30,14,8,6,0,0,0
2022-10-30 09:45,33,24,9,0,0,0
2022-10-30 10:00,38,30,8,0,0,0
2022-10-30 10:15,23,16,7,0,0,0
2022-10-30 10:30,33,21,12,0,0,0
2022-10-30 10:45,43,34,9,0,0,0
2022-10-30 11:00,34,24,10,0,0,0
2022-10-30 11:15,46,34,12,0,0,0
2022-10-30 11:30,29,21,8,0,0,0
2022-10-30 11:45,53,36,17,0,0,0
2022-10-30 12:00,32,22,10,0,0,0
2022-10-30 12:15,61,49,12,0,0,0
2022-10-30 12:30,32,20,12,0,0,0
2022-10-30 12:45,48,38,10,0,0,0
2022-10-30 13:00,47,26,21,0,0,0
2022-10-30 13:15,44,28,16,0,0,0
2022-10-30 13:30,54,29,25,0,0,0
2022-10-30 13:45,80,49,31,0,0,0
2022-10-30 14:00,53,34,19,0,0,0
2022-10-30 14:15,65,41,24,0,0,0
2022-10-30 14:30,48,19,29,0,0,0
2022-10-30 14:45,74,37,37,0,0,0
2022-10-30 15:00,53,32,21,0,0,0
2022-10-30 15:15,43,30,13,0,0,0
2022-10-30 15:30,53,31,22,0,0,0
2022-10-30 15:45,60,45,15,0,0,0
2022-10-30 16:00,57,34,23,0,0,0
2022-10-30 16:15,48,25,23,0,0,0
2022-10-30 16:30,49,26,23,0,0,0
2022-10-30 16:45,48,24,24,0,0,0
2022-10-30 17:00,52,34,18,0,0,0
2022-10-30 17:15,51,40,11,0,0,0
2022-10-30 17:30,62,40,22,0,0,0
2022-10-30 17:45,55,34,21,0,0,0
2022-10-30 18:00,67,32,35,0,0,0
2022-10-30 18:15,53,33,20,0,0,0
2022-10-30 18:30,31,17,14,0,0,0
2022-10-30 18:45,44,34,10,0,0,0
2022-10-30 19:00,33,19,14,0,0,0
2022-10-30 19:15,24,10,14,0,0,0
2022-10-30 19:30,28,15,13,0,0,0
2022-10-30 19:45,29,20,9,0,0,0
2022-10-30 20:00,30,21,9,0,0,0
2022-10-30 20:15,19,9,10,0,0,0
2022-10-30 20:30,35,18,17,0,0,0
2022-10-30 20:45,25,5,20,0,0,0
2022-10-30 21:00,20,7,13,0,0,0
2022-10-30 21:15,21,10,11,0,0,0
2022-10-30 21:30,16,4,12,0,0,0
2022-10-30 21:45,14,5,9,0,0,0
2022-10-30 22:00,8,0,8,0,0,0
2022-10-30 22:15,20,9,11,0,0,0
2022-10-30 22:30,10,5,5,0,0,0
2022-10-30 22:45,18,3,15,0,0,0
2022-10-30 23:00,8,2,6,0,0,0
2022-10-30 23:15,4,1,3,0,0,0
2022-10-30 23:30,4,0,4,0,0,0
2022-10-30 23:45,3,2,1,0,0,0
